,score_x,qubits_4_layer_1,qubits_4_layer_2,qubits_4_layer_3,qubits_4_layer_4,qubits_4_layer_5,qubits_4_layer_6,qubits_4_layer_7,qubits_4_layer_8,qubits_4_layer_9,qubits_4_layer_10,qubits_4_layer_11,qubits_4_layer_12,qubits_4_layer_13,qubits_4_layer_14,qubits_4_layer_15,qubits_3_layer_1,qubits_3_layer_2,qubits_3_layer_3,qubits_3_layer_4,qubits_3_layer_5,qubits_3_layer_6,qubits_3_layer_7,qubits_3_layer_8,qubits_3_layer_9,qubits_3_layer_10,qubits_3_layer_11,qubits_3_layer_12,qubits_3_layer_13,qubits_3_layer_14,qubits_3_layer_15,qubits_3_layer_16,qubits_3_layer_17,qubits_5_layer_1,qubits_5_layer_2,qubits_5_layer_3,qubits_5_layer_4,qubits_5_layer_5,qubits_5_layer_6,qubits_5_layer_7,qubits_5_layer_8,qubits_5_layer_9
0,0.0,0.0,0.0,0.0,0.0,0.0,0.0,0.0,0.0,0.0,0.0,0.0,0.0,0.0,0.0,0.0,0.0,0.0,0.0,0.0,0.0,0.0,0.0,0.0,0.0,0.0,0.0,0.0,0.0,0.0,0.0,0.0,0.0,0.0,0.0,0.0,0.0,0.0,0.0,0.0,0.0,0.0
1,0.005,0.0024,0.0142,0.0129,0.0103,0.0071,0.0063,0.0046,0.0047,0.0035,0.004,0.0024,0.0026,0.0024,0.0016,0.002,0.0068,0.0023,0.0009,0.0,0.0002,0.0,0.0,0.0,0.0,0.0,0.0,0.0,0.0,0.0,0.0,0.0,0.0,0.0695,0.0407,0.034,0.0243,0.0216,0.0182,0.0168,0.0168,0.0129
2,0.01,0.0135,0.0301,0.024,0.0188,0.0135,0.013,0.0104,0.0081,0.0064,0.0071,0.005,0.0045,0.0043,0.003,0.0032,0.0115,0.0048,0.0018,0.0002,0.0003,0.0001,0.0,0.0001,0.0,0.0,0.0,0.0,0.0,0.0,0.0,0.0,0.0,0.1122,0.0747,0.0604,0.0472,0.0411,0.034,0.0317,0.0289999999999999,0.026099999999999998
3,0.015,0.0361,0.0468,0.0339,0.0273,0.0219,0.0188,0.0157,0.0126,0.0096,0.0098,0.007,0.0069,0.0063,0.0046,0.0046,0.0167,0.0065,0.0027,0.0009,0.0004,0.0002,0.0,0.0002,0.0,0.0,0.0,0.0,0.0,0.0,0.0,0.0,0.0,0.153,0.1083,0.0868,0.0696,0.0621,0.0511,0.0469,0.0424,0.0388
4,0.02,0.0594,0.0601,0.0453,0.037,0.0285,0.024,0.0199,0.0166,0.0132,0.0136,0.0091,0.0091,0.0084,0.0062,0.0062,0.0235,0.0084,0.0037,0.0012,0.0007,0.0002,0.0,0.0002,0.0,0.0,0.0,0.0,0.0,0.0,0.0,0.0,0.0,0.1953,0.1403,0.1147,0.0944,0.0818,0.0663,0.0638,0.0576,0.0508
5,0.025,0.0765,0.0753,0.0566,0.0464,0.0351,0.0298,0.0261,0.0205,0.0168,0.017,0.0122,0.0113,0.0102,0.0081,0.0078,0.0298,0.0103,0.0049,0.0017,0.0008,0.0003,0.0,0.0002,0.0,0.0,0.0,0.0,0.0,0.0,0.0,0.0,0.0,0.2405,0.1729,0.1466,0.1181,0.1027,0.0858,0.0829999999999999,0.0725,0.0625
6,0.03,0.0966,0.0935,0.0698,0.0549,0.0417,0.0347,0.0313,0.025,0.0208,0.0184,0.0147,0.0135,0.0125,0.0099,0.009,0.034,0.0134,0.0059,0.0022,0.0014,0.0004,0.0,0.0003,0.0,0.0,0.0001,0.0,0.0,0.0,0.0,0.0,0.0,0.2907,0.209,0.1764,0.1422999999999999,0.1224,0.105,0.0996,0.0875,0.0741
7,0.035,0.1168,0.1067,0.0806,0.0635,0.049,0.0406,0.0358,0.0293,0.0246,0.0201,0.017,0.0151,0.0149,0.0112,0.0104,0.0391,0.0163,0.0071,0.0027,0.0015,0.0006,0.0,0.0003,0.0,0.0,0.0001,0.0,0.0,0.0,0.0,0.0,0.0,0.3413,0.2392999999999999,0.2037,0.1662999999999999,0.1444,0.1249,0.1167,0.102,0.0889
8,0.04,0.141,0.1227,0.0918,0.0742,0.0576,0.0473,0.0413,0.0342,0.0295,0.0232,0.0191,0.0169,0.0174,0.0132,0.0126,0.0438,0.0188,0.008,0.0032,0.0017,0.0009,0.0002,0.0003,0.0,0.0,0.0001,0.0,0.0,0.0,0.0,0.0,0.0,0.3871,0.2727,0.2342,0.1893999999999999,0.1673,0.1453,0.1347,0.1197,0.1034
9,0.045,0.1675,0.141,0.1079,0.087,0.0675,0.0548,0.0476,0.0399,0.034,0.0273,0.0221,0.0203,0.0212,0.0157,0.0141,0.0483,0.0225,0.0093,0.004,0.0024,0.0009,0.0004,0.0003,0.0,0.0001,0.0001,0.0,0.0,0.0,0.0,0.0,0.0,0.4363,0.3114,0.2665,0.2191,0.194,0.1718,0.1599,0.1389,0.1218
10,0.05,0.1885,0.1568,0.1202,0.0971,0.0772,0.0638,0.0538,0.0437,0.0388,0.0304,0.0254,0.0228,0.0244,0.0182,0.0161,0.0531,0.026,0.0106,0.0047,0.0025,0.0013,0.0004,0.0004,0.0,0.0001,0.0001,0.0,0.0,0.0,0.0,0.0,0.0,0.4721,0.3443,0.2926,0.243,0.218,0.1947,0.179,0.1548999999999999,0.1392
11,0.055,0.2107,0.1746,0.1328,0.1077,0.0856,0.0699,0.0597,0.0494,0.044,0.0338,0.0285,0.0257,0.0273,0.0196,0.0189,0.0577,0.0291,0.0125,0.0052,0.0029,0.0015,0.0006,0.0004,0.0,0.0001,0.0002,0.0,0.0,0.0,0.0,0.0,0.0,0.5059,0.375,0.3226,0.2722,0.2399,0.2175,0.1989,0.1738999999999999,0.1543
12,0.06,0.2341,0.1917,0.1459,0.1194,0.094,0.0763,0.0654,0.0552,0.0482,0.0378,0.0318,0.0281,0.0292,0.0219,0.0208,0.0628,0.0308,0.0143,0.0055,0.0031,0.0019,0.0007,0.0004,0.0,0.0001,0.0002,0.0,0.0,0.0,0.0,0.0,0.0,0.5381,0.4075,0.3535,0.2945,0.2643,0.2417,0.2195,0.1935999999999999,0.1737
13,0.065,0.2579,0.2092,0.1589,0.1303,0.1008,0.0836,0.0725,0.0599,0.0534,0.0422,0.0357,0.0305,0.0325,0.0238,0.0229,0.0682,0.0338,0.016,0.0062,0.0034,0.0019,0.0007,0.0004,0.0,0.0001,0.0002,0.0,0.0001,0.0,0.0,0.0,0.0,0.5705,0.4408999999999999,0.383,0.3227,0.2885,0.2649,0.2392,0.2124999999999999,0.19169999999999998
14,0.07,0.284,0.2269,0.1722,0.1408,0.1102,0.0905,0.0777,0.0654,0.0587,0.0468,0.0383,0.0337,0.0347,0.0262,0.025,0.0723,0.0365,0.0174,0.0073,0.0034,0.0023,0.0011,0.0004,0.0001,0.0001,0.0002,0.0,0.0001,0.0,0.0,0.0,0.0,0.6007,0.4725,0.4141,0.3495999999999999,0.3126,0.2869,0.2587,0.2344999999999999,0.21059999999999998
15,0.075,0.3065,0.2416,0.1861,0.1509,0.1196,0.0998,0.0827,0.0704,0.0632,0.0523,0.0406,0.0364,0.0372,0.0282,0.0273,0.0761,0.0402,0.0191,0.0079,0.0038,0.0024,0.0012,0.0005,0.0003,0.0002,0.0003,0.0001,0.0001,0.0,0.0,0.0,0.0,0.6268,0.5005999999999999,0.4427,0.3753999999999999,0.3381,0.3101,0.2791,0.2522999999999999,0.2264
16,0.08,0.3301,0.2551,0.1997,0.1623,0.1298,0.1078,0.0904,0.0767,0.068,0.0561,0.0437,0.0399,0.0404,0.0311,0.029,0.0817,0.0442,0.0202,0.0092,0.0041,0.0026,0.0012,0.0007,0.0004,0.0002,0.0003,0.0001,0.0001,0.0,0.0,0.0,0.0,0.6526000000000001,0.5302999999999999,0.4681,0.4029999999999999,0.3597,0.3318,0.3025,0.2704999999999999,0.2465
17,0.085,0.36,0.2755,0.2176,0.1764,0.1418,0.1163,0.0981,0.0822,0.0735,0.0609,0.0477,0.0434,0.0432,0.0346,0.0318,0.088,0.0475,0.0214,0.0106,0.0044,0.003,0.0012,0.0009,0.0004,0.0002,0.0004,0.0001,0.0001,0.0,0.0,0.0,0.0,0.6826000000000001,0.5649999999999998,0.4996,0.4327,0.3902,0.3574,0.3293999999999999,0.2955,0.2702
18,0.09,0.3837,0.2919,0.2315,0.1867,0.1521,0.1252,0.1051,0.0884,0.0785,0.0656,0.052,0.0461,0.0461,0.0371,0.0339,0.0928,0.0503,0.0232,0.0116,0.0046,0.0034,0.0013,0.001,0.0004,0.0003,0.0004,0.0001,0.0001,0.0,0.0,0.0,0.0,0.7052,0.5911999999999998,0.5251,0.4583,0.413,0.3797,0.3511999999999999,0.3141,0.2889
19,0.095,0.4056,0.3091,0.2431,0.1983,0.1618,0.1338,0.1107,0.0944,0.0838,0.0701,0.0557,0.05,0.0484,0.0405,0.0366,0.0998,0.0531,0.0246,0.0122,0.0051,0.0036,0.0015,0.0012,0.0006,0.0003,0.0004,0.0001,0.0001,0.0,0.0,0.0,0.0,0.7233,0.6134999999999998,0.549,0.4859,0.4377999999999999,0.4052,0.3707,0.3359,0.3089
20,0.1,0.4315,0.3261,0.2566,0.2099,0.1712,0.1422,0.1168,0.1012,0.0884,0.0746,0.0607,0.0534,0.0519,0.0432,0.0387,0.1045,0.0561,0.0268,0.013,0.0056,0.0037,0.0016,0.0013,0.0007,0.0005,0.0004,0.0001,0.0001,0.0,0.0,0.0,0.0,0.7442000000000001,0.6368999999999998,0.5754,0.5112,0.4603,0.4257000000000001,0.3927,0.3605,0.3303
21,0.105,0.4575,0.3421,0.2719,0.2227,0.1835,0.1523,0.1236,0.1069,0.0934,0.08,0.0652,0.0579,0.0546,0.0458,0.0413,0.1104,0.0593,0.0284,0.0137,0.0062,0.004,0.002,0.0014,0.0009,0.0005,0.0004,0.0001,0.0002,0.0,0.0,0.0,0.0001,0.7622000000000001,0.6596999999999998,0.599,0.5374,0.4838,0.4474000000000001,0.4139,0.3809,0.34759999999999996
22,0.11,0.4814,0.3583,0.286,0.2354,0.1945,0.1611,0.1299,0.1132,0.0986,0.0857,0.0686,0.0612,0.0579,0.0493,0.0452,0.118,0.0631,0.0302,0.0157,0.0066,0.0043,0.002,0.0014,0.001,0.0006,0.0004,0.0001,0.0002,0.0001,0.0,0.0,0.0001,0.7756000000000001,0.6814999999999999,0.6219,0.5623,0.5103,0.4685000000000001,0.4382999999999999,0.401,0.36569999999999997
23,0.115,0.503,0.3726,0.2999,0.2474,0.2057,0.1703,0.1358,0.1199,0.105,0.0902,0.0733,0.0653,0.0618,0.053,0.0469,0.1246,0.0678,0.0319,0.0173,0.0073,0.0047,0.0023,0.0015,0.0011,0.0008,0.0004,0.0001,0.0002,0.0001,0.0,0.0,0.0001,0.7891,0.7004999999999999,0.6429,0.5844,0.5338999999999999,0.4934,0.4564,0.4221,0.38659999999999994
24,0.12,0.524,0.3891,0.313,0.26,0.2164,0.1802,0.1454,0.1258,0.1096,0.097,0.0775,0.0696,0.0672,0.0558,0.0492,0.1318,0.0715,0.0336,0.0186,0.0081,0.005,0.0027,0.0016,0.0012,0.0008,0.0005,0.0001,0.0002,0.0001,0.0,0.0,0.0001,0.8035,0.7192,0.6634,0.6066,0.5566,0.5147,0.4756999999999999,0.4434,0.40819999999999995
25,0.125,0.5398,0.405,0.3274,0.2719,0.2292,0.1907,0.1533,0.1325,0.1167,0.1024,0.0845,0.0752,0.0702,0.0593,0.0522,0.1368,0.0761,0.0361,0.02,0.0088,0.005,0.0027,0.0017,0.0012,0.0008,0.0006,0.0002,0.0002,0.0001,0.0,0.0,0.0001,0.814,0.7404,0.6843,0.6279,0.5809,0.535,0.4982,0.4643,0.4260999999999999
26,0.13,0.559,0.4229,0.3415,0.2873,0.2416,0.2013,0.163,0.142,0.125,0.1099,0.0899,0.0801,0.0748,0.0641,0.0551,0.1451,0.0827,0.0385,0.0215,0.0093,0.0057,0.003,0.002,0.0014,0.0008,0.0006,0.0002,0.0002,0.0001,0.0,0.0,0.0001,0.8268,0.7605999999999999,0.7066,0.6538,0.6089,0.5611,0.5265,0.4891,0.45009999999999994
27,0.135,0.5705,0.4381,0.3556,0.2994,0.2531,0.2113,0.1709,0.1501,0.1319,0.1164,0.0954,0.0835,0.0797,0.0662,0.0577,0.1535,0.0878,0.0408,0.0229,0.01,0.006,0.0034,0.0021,0.0015,0.0008,0.0006,0.0002,0.0002,0.0001,0.0,0.0,0.0001,0.8376,0.7776,0.7254,0.6764,0.6317,0.5833,0.5475,0.5093,0.4709999999999999
28,0.14,0.584,0.4543,0.3679,0.3133,0.2645,0.2224,0.1815,0.1593,0.1396,0.1233,0.1008,0.0872,0.0845,0.0703,0.0594,0.1611,0.0931,0.043,0.0241,0.011,0.0066,0.0035,0.0023,0.0016,0.0008,0.0007,0.0002,0.0002,0.0001,0.0,0.0,0.0002,0.8472000000000001,0.7935,0.7432000000000001,0.6963,0.6528,0.6050000000000001,0.5697,0.5278999999999999,0.4908999999999999
29,0.145,0.5964,0.4663,0.3812,0.3267,0.2753,0.2335,0.1905,0.167,0.1463,0.1307,0.1073,0.0916,0.0877,0.0739,0.0622,0.1691,0.0974,0.0456,0.0257,0.0114,0.0073,0.0036,0.0026,0.0016,0.0008,0.0007,0.0002,0.0003,0.0001,0.0,0.0,0.0002,0.8564,0.8097,0.7608,0.7162000000000001,0.6724,0.6260000000000001,0.5906,0.5477,0.5144999999999998
30,0.15,0.61,0.4789,0.3964,0.3386,0.2876,0.2425,0.1998,0.1766,0.153,0.1356,0.1137,0.0967,0.0918,0.0777,0.0667,0.1784,0.103,0.0494,0.0269,0.012,0.0076,0.004,0.0028,0.0017,0.0009,0.0007,0.0003,0.0003,0.0001,0.0,0.0,0.0002,0.8638,0.8209,0.7758,0.7338,0.6922,0.6466000000000001,0.6102,0.5678,0.5326999999999998
31,0.155,0.6235,0.4934,0.4085,0.3516,0.2981,0.2543,0.2096,0.1848,0.1608,0.1414,0.1192,0.1009,0.0969,0.0811,0.0705,0.1881,0.1095,0.0523,0.0285,0.0126,0.008,0.0044,0.0031,0.0021,0.0011,0.0009,0.0003,0.0003,0.0001,0.0,0.0,0.0002,0.8708,0.833,0.7928000000000001,0.7503,0.7118,0.6644000000000001,0.6297999999999999,0.5882,0.5521999999999998
32,0.16,0.6371,0.5061,0.4224,0.3641,0.311,0.2652,0.2191,0.1925,0.1682,0.1477,0.1245,0.1058,0.1021,0.0861,0.0744,0.1987,0.1155,0.0562,0.0304,0.0136,0.0083,0.0048,0.0031,0.0022,0.0011,0.0011,0.0004,0.0003,0.0001,0.0001,0.0,0.0002,0.876,0.8439,0.807,0.7666999999999999,0.7315,0.6819000000000001,0.6488999999999999,0.6069,0.5735999999999998
33,0.165,0.6495,0.5191,0.4367,0.3758,0.3227,0.2753,0.2283,0.2024,0.1754,0.154,0.1304,0.1126,0.1063,0.0895,0.0774,0.2106,0.121,0.0593,0.0323,0.0144,0.0091,0.0052,0.0032,0.0023,0.0011,0.0011,0.0004,0.0003,0.0001,0.0001,0.0001,0.0002,0.8818,0.8528,0.8216,0.7825,0.7483000000000001,0.7012,0.6720999999999999,0.6286,0.5913999999999998
34,0.17,0.6637,0.5339,0.4522,0.3933,0.3357,0.2876,0.2391,0.2129,0.1851,0.1616,0.1375,0.1195,0.1118,0.0944,0.0812,0.2249,0.13,0.0643,0.0344,0.0157,0.0106,0.0055,0.0035,0.0025,0.0014,0.0012,0.0004,0.0004,0.0002,0.0001,0.0001,0.0002,0.8877,0.8639,0.8356,0.7998,0.7686000000000001,0.7242000000000001,0.6935999999999999,0.6519,0.6160999999999999
35,0.175,0.6715,0.547,0.467,0.4059,0.3476,0.2971,0.2496,0.2209,0.1935,0.1675,0.1436,0.1248,0.1166,0.0992,0.0852,0.2376,0.136,0.0677,0.0361,0.0173,0.0109,0.0062,0.0037,0.0026,0.0017,0.0012,0.0004,0.0004,0.0002,0.0001,0.0001,0.0002,0.8925000000000001,0.8709,0.8478,0.8140999999999999,0.7848,0.7394000000000001,0.7118999999999999,0.6713,0.6346999999999998
36,0.18,0.6788,0.5575,0.48,0.4187,0.3607,0.3075,0.2584,0.2325,0.2019,0.1748,0.1502,0.1321,0.1225,0.1033,0.0893,0.2537,0.1427,0.0723,0.0371,0.0183,0.0123,0.0064,0.0041,0.0027,0.0018,0.0012,0.0004,0.0004,0.0003,0.0001,0.0003,0.0002,0.8983000000000001,0.8787,0.858,0.8276999999999999,0.7979,0.7564000000000001,0.7317999999999999,0.6901,0.6533999999999999
37,0.185,0.6844,0.5677,0.4939,0.4303,0.3733,0.3183,0.269,0.2433,0.2112,0.1812,0.1563,0.1384,0.1281,0.1076,0.0927,0.2677,0.1489,0.0762,0.0402,0.0199,0.0133,0.0071,0.0044,0.0028,0.0018,0.0014,0.0005,0.0004,0.0003,0.0001,0.0003,0.0002,0.9022,0.886,0.868,0.8423999999999999,0.8128000000000001,0.7733000000000001,0.7477999999999999,0.7071000000000001,0.6719999999999998
38,0.19,0.6898,0.5777,0.5069,0.4433,0.3851,0.3293,0.2803,0.2543,0.2197,0.189,0.1643,0.1446,0.134,0.112,0.0976,0.2822,0.1561,0.0792,0.0429,0.021,0.0135,0.0076,0.0046,0.0032,0.0018,0.0015,0.0005,0.0004,0.0004,0.0001,0.0003,0.0002,0.9064,0.8939,0.8771,0.8546999999999999,0.8266000000000001,0.7872000000000001,0.7635,0.7248000000000001,0.6890999999999998
39,0.195,0.6935,0.5908,0.5197,0.4556,0.396,0.3399,0.2898,0.2627,0.2282,0.1961,0.1705,0.1489,0.1392,0.117,0.1021,0.2955,0.1637,0.0835,0.0459,0.0221,0.014,0.0081,0.0047,0.0032,0.0019,0.0016,0.0005,0.0004,0.0004,0.0001,0.0003,0.0002,0.9113,0.9016,0.886,0.8664,0.8418000000000001,0.8020000000000002,0.7797,0.7415000000000002,0.7071999999999998
40,0.2,0.6981,0.601,0.5316,0.468,0.4081,0.351,0.301,0.2725,0.236,0.2038,0.178,0.1558,0.1453,0.1213,0.107,0.3096,0.1728,0.0875,0.0488,0.0234,0.0144,0.0086,0.005,0.0034,0.0021,0.0016,0.0006,0.0004,0.0004,0.0002,0.0003,0.0002,0.9165,0.9063,0.8948,0.8757999999999999,0.8560000000000001,0.8157000000000002,0.7928,0.7588000000000001,0.7262999999999998
41,0.205,0.701,0.6119,0.5458,0.4795,0.423,0.3626,0.3123,0.2823,0.2447,0.2099,0.1856,0.1626,0.1498,0.1265,0.1125,0.3221,0.1791,0.0917,0.0511,0.0243,0.0153,0.0089,0.0052,0.0034,0.0024,0.0017,0.0007,0.0005,0.0004,0.0002,0.0003,0.0002,0.9203,0.9125,0.9016,0.8846999999999999,0.8671000000000001,0.8290000000000002,0.8068,0.7753000000000001,0.7416999999999998
42,0.21,0.7032,0.6242,0.5616,0.4964,0.4361,0.3767,0.3249,0.2929,0.255,0.2208,0.1941,0.1722,0.1565,0.1316,0.1182,0.3378,0.1871,0.0982,0.054,0.0261,0.017,0.0095,0.0056,0.0036,0.0027,0.0017,0.0007,0.0006,0.0004,0.0002,0.0004,0.0002,0.9258,0.9177,0.9102,0.8953,0.8779000000000001,0.8438000000000002,0.8243999999999999,0.7925000000000001,0.7594999999999998
43,0.215,0.7065,0.6335,0.5724,0.5079,0.4493,0.3889,0.3367,0.3026,0.2644,0.2277,0.2018,0.179,0.1611,0.1375,0.1231,0.3487,0.1957,0.1031,0.0567,0.0278,0.0186,0.0103,0.006,0.004,0.0027,0.0017,0.0007,0.0007,0.0004,0.0002,0.0004,0.0002,0.9311,0.9224,0.9152,0.9037,0.8878000000000001,0.8558000000000002,0.8377999999999999,0.8073000000000001,0.7732999999999999
44,0.22,0.7092,0.6429,0.5854,0.5206,0.4616,0.4005,0.3461,0.3127,0.2739,0.2361,0.2095,0.185,0.1677,0.1422,0.1289,0.3609,0.2046,0.1069,0.0602,0.0288,0.0197,0.0104,0.0066,0.0041,0.0028,0.0018,0.0007,0.0008,0.0004,0.0003,0.0004,0.0002,0.9358,0.9269,0.9214,0.9109,0.8959000000000001,0.8655000000000003,0.8514999999999999,0.8221000000000002,0.7862999999999999
45,0.225,0.7116,0.653,0.5961,0.5311,0.475,0.4113,0.3577,0.3238,0.2825,0.2451,0.218,0.1919,0.1733,0.148,0.1342,0.3726,0.2118,0.1118,0.0643,0.03,0.0209,0.011,0.0073,0.0042,0.003,0.0018,0.0007,0.0008,0.0004,0.0003,0.0004,0.0002,0.9389,0.9303,0.9270000000000002,0.918,0.9046000000000002,0.8764000000000003,0.8632,0.8342000000000002,0.7992999999999999
46,0.23,0.7136,0.6627,0.6078,0.5439,0.4851,0.4247,0.3705,0.334,0.291,0.2539,0.2261,0.1982,0.1789,0.1553,0.1391,0.386,0.2223,0.1184,0.0669,0.0325,0.0217,0.0118,0.0078,0.0046,0.0032,0.0018,0.0007,0.0009,0.0004,0.0003,0.0005,0.0002,0.9418,0.9336,0.9320000000000002,0.9239,0.9119000000000002,0.8882000000000003,0.874,0.8474000000000002,0.8126999999999999
47,0.235,0.7183,0.6721,0.6197,0.5557,0.4969,0.4358,0.3828,0.3436,0.3006,0.2646,0.2332,0.2055,0.1859,0.1612,0.144,0.3976,0.232,0.1244,0.0701,0.0342,0.0225,0.013,0.0081,0.0049,0.0032,0.0019,0.0007,0.0009,0.0004,0.0004,0.0005,0.0002,0.9447,0.9365,0.9362,0.9303,0.9191,0.8976000000000003,0.8838,0.8587000000000001,0.8274999999999999
48,0.24,0.723,0.6802,0.6302,0.5668,0.5091,0.4485,0.3949,0.3548,0.3107,0.2735,0.242,0.214,0.1937,0.1679,0.1497,0.4083,0.2417,0.1309,0.0736,0.0363,0.0238,0.0137,0.0085,0.0053,0.0033,0.0024,0.0008,0.001,0.0005,0.0004,0.0006,0.0003,0.9467,0.9398,0.9407,0.935,0.9250000000000002,0.9060000000000002,0.8935000000000001,0.8695000000000002,0.8397999999999999
49,0.245,0.7264,0.689,0.6411,0.5772,0.5215,0.4621,0.4062,0.3648,0.3218,0.2815,0.2503,0.2207,0.2004,0.1745,0.1555,0.4193,0.251,0.1369,0.0776,0.0387,0.0254,0.015,0.0089,0.0054,0.0036,0.0026,0.0009,0.0011,0.0007,0.0004,0.0006,0.0003,0.9488,0.942,0.9445,0.94,0.9317000000000002,0.9151000000000002,0.9024,0.8784000000000002,0.8520999999999999
50,0.25,0.7309,0.6973,0.6504,0.5903,0.5357,0.4748,0.4167,0.3746,0.3325,0.2926,0.26,0.2296,0.2085,0.1813,0.1614,0.4323,0.2622,0.1428,0.0826,0.0406,0.0269,0.0155,0.0096,0.0058,0.0038,0.0028,0.001,0.0012,0.0008,0.0004,0.0006,0.0004,0.9498,0.9444,0.9484,0.9448,0.9368000000000002,0.9229000000000004,0.9111,0.8883000000000002,0.8640999999999999
51,0.255,0.7357,0.7075,0.6624,0.6033,0.5502,0.4881,0.4328,0.3881,0.346,0.3057,0.2717,0.2381,0.2173,0.1912,0.1686,0.4472,0.2735,0.1511,0.0863,0.044,0.0283,0.0164,0.0102,0.0062,0.0039,0.0029,0.0012,0.0014,0.0009,0.0004,0.0006,0.0004,0.9512,0.947,0.9524,0.9508,0.9428000000000002,0.9305000000000004,0.9208000000000002,0.8985000000000002,0.8750999999999999
52,0.26,0.7402,0.7147,0.6731,0.6131,0.5637,0.5009,0.4449,0.3988,0.355,0.3157,0.2806,0.2492,0.2243,0.1982,0.1759,0.4608,0.2831,0.1569,0.0904,0.0474,0.0295,0.0172,0.0114,0.0063,0.0043,0.0031,0.0014,0.0014,0.001,0.0005,0.0007,0.0004,0.9519,0.9492,0.9555,0.9553,0.9482000000000002,0.9377000000000004,0.9267000000000002,0.9067000000000002,0.8844999999999998
53,0.265,0.7462,0.7222,0.6856,0.6224,0.5747,0.5135,0.4548,0.4093,0.3657,0.3246,0.2906,0.2571,0.2313,0.2053,0.1834,0.4756,0.2951,0.1648,0.0959,0.0509,0.0306,0.0179,0.0121,0.007,0.0046,0.0034,0.0014,0.0015,0.0012,0.0006,0.0007,0.0004,0.9529,0.9505,0.958,0.9581,0.9522000000000002,0.9442000000000004,0.9322,0.9136000000000002,0.8925999999999998
54,0.27,0.7522,0.7323,0.6959,0.6328,0.5869,0.5246,0.4672,0.4205,0.376,0.3335,0.298,0.2656,0.2379,0.2121,0.1906,0.4906,0.3055,0.1726,0.1,0.055,0.0326,0.0188,0.0129,0.0078,0.0049,0.0036,0.0016,0.0015,0.0012,0.0008,0.0008,0.0004,0.9534,0.9524,0.9604,0.9613,0.9571000000000002,0.9499000000000004,0.9383,0.9211,0.9001999999999999
55,0.275,0.7601,0.7388,0.7064,0.6449,0.5977,0.5364,0.4816,0.4314,0.3847,0.3437,0.3065,0.2738,0.2467,0.2177,0.197,0.5077,0.3176,0.179,0.1054,0.0579,0.0341,0.0208,0.014,0.0086,0.0054,0.0038,0.0016,0.0016,0.0012,0.0009,0.0009,0.0005,0.9542,0.9539,0.9624,0.964,0.9602000000000002,0.9531000000000004,0.9452000000000002,0.9298000000000002,0.9086999999999998
56,0.28,0.7687,0.7474,0.7177,0.6578,0.6099,0.5492,0.492,0.441,0.396,0.3542,0.3152,0.282,0.2546,0.2247,0.2047,0.5232,0.328,0.1851,0.1098,0.0611,0.0356,0.0224,0.0148,0.0093,0.0056,0.0041,0.0016,0.0017,0.0013,0.0009,0.0009,0.0005,0.9544,0.9549999999999998,0.9636,0.9666,0.9639000000000002,0.9565000000000002,0.9506,0.9359000000000002,0.9169999999999998
57,0.285,0.7767,0.7563,0.7277,0.6689,0.6221,0.5579,0.5026,0.4532,0.4074,0.3658,0.3254,0.29,0.262,0.2323,0.2114,0.5381,0.3392,0.1932,0.1151,0.0647,0.0376,0.0238,0.0159,0.0096,0.0058,0.0042,0.0017,0.0018,0.0014,0.0009,0.0009,0.0005,0.9548,0.9559,0.9652,0.9679,0.9664,0.9606000000000002,0.9552000000000002,0.9432,0.9232999999999998
58,0.29,0.7849,0.7672,0.7369,0.6793,0.6325,0.5691,0.5148,0.4649,0.4178,0.3757,0.3335,0.298,0.2714,0.2398,0.22,0.5546,0.3528,0.2018,0.1204,0.0683,0.0407,0.0257,0.0166,0.0101,0.0065,0.0044,0.0018,0.0019,0.0015,0.0009,0.0009,0.0005,0.9553,0.957,0.9669,0.9694,0.9690000000000002,0.9644000000000004,0.9596,0.9489000000000002,0.9294999999999998
59,0.295,0.7977,0.779,0.7474,0.6915,0.6451,0.5844,0.5279,0.481,0.4313,0.3865,0.344,0.3078,0.2836,0.2501,0.2282,0.5763,0.3693,0.2112,0.1261,0.0734,0.0437,0.027,0.0178,0.0111,0.0069,0.0046,0.0019,0.0021,0.0015,0.001,0.0009,0.0005,0.9561,0.9582999999999998,0.9692,0.9713,0.9726000000000002,0.9682000000000004,0.9644,0.9556000000000002,0.9380999999999998
60,0.3,0.8083,0.7883,0.7575,0.7032,0.6545,0.598,0.5401,0.4919,0.4416,0.3962,0.3515,0.3186,0.291,0.2574,0.2351,0.594,0.3801,0.2206,0.1326,0.0766,0.0459,0.0286,0.0186,0.0118,0.0073,0.0048,0.0019,0.0023,0.0016,0.001,0.0009,0.0005,0.9569,0.9590999999999998,0.9705,0.9731,0.9756000000000002,0.9704000000000004,0.9677,0.9595000000000002,0.9437999999999999
61,0.305,0.8209,0.7953,0.7668,0.7128,0.6644,0.6096,0.551,0.5028,0.4515,0.4074,0.362,0.3289,0.2999,0.2648,0.2412,0.6101,0.392,0.2301,0.1368,0.0805,0.0476,0.0301,0.0196,0.0128,0.0078,0.005,0.0021,0.0024,0.0016,0.001,0.0009,0.0006,0.9575,0.96,0.9712,0.9748,0.9775000000000004,0.9726000000000002,0.9712,0.9640000000000002,0.9490999999999998
62,0.31,0.8309,0.8055,0.775,0.7217,0.6758,0.6215,0.5618,0.5137,0.461,0.4191,0.3712,0.3382,0.3105,0.273,0.2493,0.6298,0.4043,0.2387,0.1423,0.0831,0.0497,0.0328,0.0205,0.0143,0.008,0.0054,0.0023,0.0027,0.0016,0.0011,0.0009,0.0006,0.9584,0.9610999999999998,0.9724,0.9768,0.9789000000000002,0.9756000000000002,0.9737,0.9675,0.9531999999999998
63,0.315,0.8446,0.8162,0.7824,0.7326,0.6868,0.632,0.5733,0.5237,0.4735,0.4318,0.3816,0.3474,0.3188,0.2817,0.2575,0.6475,0.4175,0.2472,0.1487,0.0876,0.0518,0.0345,0.0213,0.015,0.0087,0.0057,0.0027,0.003,0.0018,0.0012,0.0011,0.0006,0.9594,0.9621999999999998,0.9733,0.9786,0.9815000000000004,0.9780000000000002,0.9769,0.9706,0.9574999999999998
64,0.32,0.8585,0.827,0.7907,0.7429,0.6957,0.6426,0.5853,0.5351,0.4869,0.4423,0.3921,0.3573,0.3257,0.2904,0.2653,0.6634,0.4302,0.2572,0.1546,0.0925,0.0543,0.0365,0.0231,0.0162,0.0091,0.0064,0.0028,0.003,0.0021,0.0014,0.0012,0.0007,0.9598,0.9634999999999998,0.9745,0.9798,0.9831000000000004,0.9810000000000002,0.9793,0.9738,0.9604999999999998
65,0.325,0.8705,0.8366,0.7999,0.7522,0.707,0.654,0.5964,0.5463,0.4987,0.4521,0.4023,0.3673,0.3337,0.2992,0.2738,0.6801,0.4444,0.2675,0.161,0.0967,0.0574,0.0381,0.0243,0.0169,0.0096,0.0072,0.003,0.0031,0.0022,0.0015,0.0013,0.0007,0.9604,0.9647999999999998,0.9756,0.9807,0.9850000000000004,0.9832000000000002,0.9817,0.9758,0.9641999999999998
66,0.33,0.8814,0.8443,0.8085,0.764,0.7156,0.6661,0.6078,0.559,0.5089,0.4641,0.4122,0.3785,0.342,0.3083,0.2821,0.6992,0.4569,0.277,0.1675,0.0998,0.0604,0.0403,0.0256,0.0179,0.0099,0.0076,0.0033,0.0034,0.0023,0.0017,0.0013,0.0007,0.9613,0.9657999999999998,0.9764,0.982,0.9863000000000004,0.9848000000000002,0.9837,0.9784000000000002,0.9675999999999998
67,0.335,0.898,0.8553,0.8191,0.7762,0.7274,0.6787,0.6217,0.5731,0.5216,0.4792,0.4256,0.3886,0.3535,0.3185,0.2918,0.7202,0.4725,0.288,0.1773,0.1053,0.0646,0.0439,0.0274,0.0191,0.0105,0.008,0.0036,0.0036,0.0024,0.0019,0.0013,0.0008,0.9615,0.9669999999999996,0.9776,0.9832,0.9874000000000004,0.9866000000000004,0.986,0.9807,0.9720999999999997
68,0.34,0.9093,0.8634,0.8259,0.7844,0.7381,0.6887,0.6323,0.5844,0.5336,0.4891,0.4363,0.3989,0.3641,0.3267,0.2997,0.7376,0.4852,0.2972,0.1841,0.1097,0.0672,0.0463,0.029,0.02,0.0114,0.0081,0.0039,0.0039,0.0024,0.002,0.0014,0.0008,0.962,0.9677999999999998,0.9785,0.984,0.9883000000000004,0.9879000000000002,0.9871,0.9826,0.9746999999999998
69,0.345,0.9203,0.8703,0.8331,0.7934,0.7472,0.697,0.642,0.5943,0.5454,0.5005,0.4466,0.4096,0.3738,0.3348,0.3075,0.7534,0.4966,0.3066,0.1918,0.1144,0.071,0.0488,0.0307,0.0212,0.0118,0.0083,0.0045,0.0043,0.0025,0.0022,0.0014,0.0009,0.9627,0.9687999999999998,0.9797,0.9842,0.9895000000000004,0.9892000000000002,0.9885999999999998,0.9848,0.9770999999999997
70,0.35,0.9308,0.8773,0.8413,0.8041,0.7564,0.7072,0.6522,0.6051,0.5562,0.5128,0.4569,0.4182,0.3858,0.3447,0.3174,0.7676,0.5099,0.3164,0.2007,0.1198,0.0744,0.0514,0.0328,0.0223,0.0127,0.009,0.0046,0.0046,0.0025,0.0024,0.0014,0.0009,0.9632,0.9691999999999996,0.9804,0.9849,0.9903000000000004,0.9899000000000002,0.9894999999999998,0.9872,0.9784999999999997
71,0.355,0.943,0.8841,0.8479,0.8128,0.765,0.7167,0.6628,0.6171,0.5677,0.5242,0.4676,0.4293,0.3971,0.354,0.3264,0.7812,0.5223,0.3274,0.2102,0.1245,0.0777,0.0531,0.0345,0.0231,0.0132,0.0094,0.0052,0.0048,0.0027,0.0025,0.0016,0.001,0.964,0.9700999999999996,0.9813,0.9857,0.9912000000000004,0.9909000000000002,0.9909999999999998,0.9888,0.9806999999999997
72,0.36,0.9524,0.8913,0.856,0.8212,0.7743,0.7261,0.6745,0.6278,0.5778,0.5334,0.4786,0.4394,0.4083,0.3626,0.3367,0.7954,0.5356,0.3376,0.2179,0.1295,0.0813,0.0556,0.0365,0.0246,0.0141,0.0099,0.0055,0.0049,0.0029,0.0027,0.0018,0.0012,0.9645,0.9709999999999998,0.9818,0.9865,0.9914000000000004,0.9914000000000002,0.9917999999999998,0.9904000000000002,0.9832999999999997
73,0.365,0.9622,0.898,0.8628,0.8296,0.7836,0.7364,0.6847,0.6386,0.5882,0.5447,0.4899,0.4504,0.4178,0.3718,0.3473,0.8068,0.5483,0.3483,0.2253,0.1348,0.0843,0.0587,0.0384,0.0259,0.0148,0.0112,0.006,0.0055,0.003,0.0028,0.0019,0.0013,0.9649,0.9719999999999998,0.9825,0.987,0.9918000000000002,0.9925000000000002,0.9922999999999996,0.9912000000000002,0.9852999999999997
74,0.37,0.9711,0.9059,0.87,0.8364,0.7931,0.7453,0.6945,0.6473,0.6005,0.5555,0.5,0.4629,0.4279,0.3838,0.3566,0.8196,0.5613,0.3585,0.2339,0.1415,0.0879,0.061,0.0402,0.0276,0.0157,0.0115,0.0063,0.006,0.0034,0.003,0.0019,0.0013,0.9658,0.9724999999999996,0.9829,0.988,0.9922000000000002,0.9933000000000002,0.9929999999999998,0.9923000000000002,0.9875999999999997
75,0.375,0.9775,0.9113,0.8756,0.8431,0.802,0.7555,0.7042,0.6596,0.6125,0.5684,0.513,0.4733,0.4387,0.3946,0.3658,0.8318,0.5725,0.3699,0.2408,0.1486,0.0936,0.0642,0.0422,0.0287,0.0162,0.0123,0.0068,0.0062,0.0036,0.003,0.002,0.0013,0.9662999999999998,0.9729999999999996,0.9832,0.9886,0.9925000000000002,0.9935000000000002,0.9936999999999998,0.9932000000000002,0.9889999999999997
76,0.38,0.9844,0.9185,0.8833,0.8502,0.8117,0.7679,0.7179,0.6725,0.6255,0.5815,0.525,0.4874,0.4504,0.4076,0.3766,0.844,0.5878,0.384,0.2498,0.1544,0.0992,0.0682,0.0444,0.0309,0.0171,0.0126,0.0071,0.0064,0.0038,0.0032,0.0023,0.0013,0.9667999999999998,0.9741999999999996,0.9839,0.9895,0.9933000000000002,0.9943000000000002,0.9943999999999998,0.9940000000000002,0.9902999999999996
77,0.385,0.9901,0.924,0.8884,0.8562,0.8199,0.7786,0.7283,0.6847,0.6356,0.5932,0.5341,0.4988,0.4601,0.4174,0.3864,0.8525,0.6002,0.3938,0.2585,0.1615,0.103,0.0712,0.0471,0.0323,0.0182,0.0131,0.0077,0.007,0.0039,0.0033,0.0023,0.0014,0.9672999999999996,0.9747999999999996,0.9849,0.9902,0.9935000000000002,0.9951000000000002,0.9948999999999998,0.9955000000000002,0.9911999999999996
78,0.39,0.9934,0.929,0.8948,0.8618,0.8274,0.7865,0.7378,0.6947,0.647,0.6031,0.5442,0.51,0.4701,0.4283,0.3963,0.8606,0.6122,0.4062,0.2668,0.1687,0.108,0.0739,0.05,0.0343,0.0192,0.0137,0.008,0.0072,0.004,0.0035,0.0026,0.0015,0.9679999999999996,0.9756999999999996,0.9856,0.9906,0.9937,0.9956000000000002,0.9954999999999998,0.9962000000000002,0.9924999999999996
79,0.395,0.9958,0.9335,0.9,0.8673,0.8346,0.7947,0.7484,0.7063,0.6571,0.6132,0.5542,0.5201,0.4809,0.4386,0.4066,0.871,0.6218,0.4181,0.2771,0.1762,0.1139,0.0767,0.0524,0.0358,0.0203,0.0148,0.0085,0.0076,0.0041,0.0035,0.0029,0.0015,0.9686999999999998,0.9761999999999996,0.9857,0.9907,0.9943000000000002,0.9959,0.9961,0.9970000000000002,0.9935999999999996
80,0.4,0.9978,0.9371,0.9055,0.8739,0.8433,0.8039,0.7566,0.7173,0.6673,0.6253,0.5671,0.5301,0.4899,0.4487,0.4178,0.878,0.6325,0.428,0.2863,0.1817,0.1184,0.0803,0.0549,0.0375,0.0213,0.0157,0.0095,0.0078,0.0044,0.0037,0.0035,0.0016,0.9689999999999998,0.9768999999999995,0.9864,0.991,0.9944000000000002,0.9963,0.9962,0.9971000000000002,0.9938999999999996
81,0.405,0.9986,0.9408,0.9093,0.8802,0.8503,0.812,0.7672,0.7271,0.6788,0.6364,0.5775,0.5413,0.5008,0.4582,0.4285,0.8835,0.6443,0.4419,0.2967,0.1883,0.123,0.0849,0.057,0.04,0.0226,0.0164,0.0099,0.0082,0.0047,0.004,0.004,0.002,0.9692999999999996,0.9779999999999996,0.9871,0.9912,0.9946000000000002,0.9963,0.9965999999999998,0.9977000000000004,0.9947999999999996
82,0.41,0.9994,0.9444,0.9139,0.887,0.8575,0.8207,0.7747,0.7369,0.689,0.6469,0.5898,0.5517,0.5118,0.4686,0.4402,0.8896,0.6559,0.4541,0.3079,0.1972,0.128,0.0882,0.0602,0.0423,0.0238,0.0177,0.0105,0.0085,0.0054,0.0045,0.0042,0.002,0.9699999999999998,0.9787999999999996,0.9877,0.9915,0.995,0.9966,0.9973999999999998,0.9978000000000002,0.9956999999999996
83,0.415,0.9997,0.9473,0.9178,0.8927,0.8648,0.8283,0.785,0.748,0.6987,0.6564,0.6021,0.5625,0.5232,0.4807,0.4506,0.8957,0.6677,0.4651,0.3186,0.2053,0.1331,0.0916,0.0633,0.0448,0.0257,0.0188,0.011,0.009,0.0062,0.0046,0.0043,0.0021,0.9704999999999996,0.9798999999999995,0.9882,0.9919,0.9952,0.9971,0.9975999999999998,0.9980000000000002,0.9966999999999996
84,0.42,0.9999,0.9515,0.923,0.8993,0.872,0.8366,0.795,0.7609,0.7111,0.6705,0.6129,0.5766,0.5359,0.4924,0.4637,0.9016,0.6807,0.4803,0.3327,0.2152,0.1403,0.0961,0.0671,0.0472,0.0276,0.0197,0.0121,0.0095,0.0067,0.0046,0.0047,0.0023,0.9716999999999996,0.9807999999999996,0.9888,0.992,0.9955,0.9973,0.9980999999999998,0.9982000000000002,0.9971999999999995
85,0.425,1.0,0.955,0.9259,0.9049,0.879,0.8438,0.8016,0.7687,0.7233,0.6784,0.6241,0.5862,0.5458,0.5019,0.4738,0.9051,0.6925,0.4908,0.3418,0.2218,0.1463,0.1013,0.07,0.0496,0.029,0.021,0.0128,0.0102,0.0072,0.0048,0.0049,0.0027,0.9726999999999996,0.9817999999999996,0.9892,0.9926,0.9955,0.9976,0.9982999999999996,0.9986000000000002,0.9976999999999995
86,0.43,1.0,0.9574,0.9295,0.9094,0.8847,0.8515,0.8104,0.7776,0.734,0.6875,0.6354,0.5969,0.5556,0.5121,0.4832,0.9086,0.703,0.504,0.3525,0.2282,0.1523,0.1049,0.0731,0.052,0.0308,0.0218,0.0137,0.0107,0.0076,0.0052,0.0053,0.003,0.9734999999999996,0.9824999999999996,0.9897,0.9927,0.9958,0.9977,0.9984999999999996,0.9987,0.9980999999999994
87,0.435,1.0,0.9599,0.9338,0.9138,0.8909,0.8581,0.8195,0.7865,0.742,0.6978,0.6472,0.6077,0.5655,0.5237,0.4931,0.9119,0.7136,0.5148,0.3626,0.2368,0.1582,0.1103,0.0757,0.0546,0.0331,0.023,0.0142,0.0116,0.008,0.0055,0.0058,0.0032,0.9742999999999996,0.9832999999999996,0.9901,0.993,0.9958,0.998,0.9985999999999996,0.9987,0.9984999999999994
88,0.44,1.0,0.9633,0.9378,0.9192,0.896,0.8655,0.8271,0.7967,0.7515,0.7097,0.6577,0.6199,0.5768,0.5349,0.5033,0.9155,0.724,0.5276,0.3746,0.246,0.1647,0.1168,0.0793,0.0566,0.0346,0.0243,0.0151,0.0123,0.0088,0.0059,0.006,0.0033,0.9750999999999996,0.9843999999999996,0.9907,0.9932999999999998,0.9961,0.9983,0.9987999999999996,0.9989,0.9985999999999994
89,0.445,1.0,0.965,0.9406,0.9239,0.9009,0.8716,0.8326,0.8053,0.7607,0.7203,0.6684,0.6313,0.5896,0.5475,0.5137,0.9196,0.7339,0.54,0.3842,0.2553,0.1714,0.1224,0.0831,0.059,0.0368,0.0255,0.0159,0.0129,0.0095,0.0065,0.0061,0.0038,0.9764999999999996,0.9849999999999998,0.9913,0.9936999999999998,0.9964,0.9984999999999998,0.9989999999999996,0.9989,0.9986999999999994
90,0.45,1.0,0.9668,0.9453,0.9284,0.9052,0.8787,0.8401,0.8141,0.7694,0.7318,0.6788,0.6424,0.6009,0.5587,0.5255,0.9232,0.7431,0.5507,0.3942,0.2667,0.1784,0.1276,0.0863,0.0628,0.0387,0.0271,0.0173,0.0137,0.0102,0.007,0.0062,0.0042,0.9777999999999996,0.9855999999999998,0.992,0.9940999999999998,0.9966,0.9986999999999998,0.9989999999999996,0.999,0.9988999999999993
91,0.455,1.0,0.9694,0.9473,0.9314,0.9096,0.8864,0.8484,0.8225,0.7778,0.7403,0.6908,0.6549,0.6116,0.5684,0.539,0.9267,0.7533,0.5625,0.406,0.2747,0.1869,0.1326,0.0918,0.0659,0.0406,0.0293,0.0189,0.015,0.011,0.0074,0.0069,0.0044,0.9783999999999996,0.9857999999999998,0.9926,0.9944999999999996,0.9966,0.9986999999999998,0.9989999999999996,0.9991,0.9989999999999993
92,0.46,1.0,0.9723,0.9505,0.9362,0.9149,0.8952,0.8574,0.8308,0.7888,0.7518,0.7025,0.6666,0.6242,0.5817,0.5507,0.9318,0.764,0.5766,0.4182,0.2862,0.1965,0.1385,0.0967,0.0705,0.043,0.0308,0.02,0.016,0.0115,0.0081,0.007,0.0047,0.9792999999999996,0.9863999999999998,0.9927,0.9950999999999998,0.9967,0.9988999999999998,0.9990999999999997,0.9991,0.9992999999999993
93,0.465,1.0,0.9746,0.9534,0.9396,0.9189,0.9004,0.8643,0.8393,0.7979,0.7623,0.7153,0.6778,0.6345,0.5919,0.5616,0.9356,0.7729,0.5875,0.4285,0.2943,0.2042,0.1437,0.1022,0.0729,0.0452,0.0321,0.0216,0.0166,0.0125,0.0085,0.0072,0.005,0.9803999999999996,0.9871,0.993,0.9953999999999996,0.9968,0.9988999999999998,0.9991999999999996,0.9992,0.9993999999999993
94,0.47,1.0,0.9754,0.956,0.9436,0.9236,0.9061,0.8721,0.8471,0.8064,0.7719,0.7254,0.6884,0.6458,0.6035,0.5724,0.9389,0.782,0.5985,0.4388,0.3037,0.2134,0.1494,0.1063,0.0771,0.0475,0.0348,0.0224,0.0176,0.0133,0.0089,0.0075,0.0053,0.9809999999999998,0.9879,0.9932,0.9959999999999998,0.9971,0.9989999999999998,0.9991999999999996,0.9992,0.9994999999999993
95,0.475,1.0,0.977,0.9591,0.9463,0.927,0.9106,0.8776,0.8556,0.8151,0.7799,0.7373,0.6989,0.6575,0.6144,0.5826,0.9422,0.7903,0.6088,0.448,0.3138,0.2198,0.1567,0.1102,0.081,0.0503,0.0368,0.0241,0.0187,0.014,0.0095,0.0081,0.0056,0.9824999999999996,0.989,0.9934,0.9962999999999996,0.9973,0.9990999999999998,0.9991999999999996,0.9994,0.9996999999999993
96,0.48,1.0,0.9792,0.9612,0.9489,0.9315,0.9143,0.8844,0.8632,0.8217,0.7885,0.747,0.7078,0.6686,0.6243,0.5938,0.9451,0.7985,0.618,0.4592,0.3219,0.228,0.1631,0.115,0.0855,0.0533,0.0382,0.0254,0.0198,0.0149,0.0105,0.0086,0.0062,0.9838999999999996,0.9897,0.9936,0.9965999999999996,0.9973999999999998,0.9992999999999996,0.9991999999999996,0.9997,0.9996999999999993
97,0.485,1.0,0.981,0.9644,0.9517,0.9357,0.9173,0.8895,0.8695,0.831,0.7972,0.756,0.719,0.6813,0.6366,0.6042,0.9476,0.8065,0.6287,0.4705,0.3305,0.236,0.1689,0.1192,0.091,0.055,0.0408,0.0269,0.0209,0.0156,0.011,0.0092,0.0067,0.9852999999999996,0.9905,0.9939,0.9966999999999996,0.9976999999999998,0.9992999999999996,0.9993999999999996,0.9998,0.9996999999999993
98,0.49,1.0,0.9826,0.9665,0.9551,0.939,0.9215,0.8949,0.8761,0.8385,0.806,0.7655,0.7301,0.6933,0.6482,0.6145,0.9512,0.8157,0.6384,0.4815,0.3414,0.2445,0.1763,0.1244,0.0946,0.0588,0.0434,0.0288,0.0223,0.017,0.0117,0.0098,0.0068,0.9862999999999996,0.9912,0.9944,0.9969999999999996,0.9976999999999998,0.9992999999999996,0.9993999999999996,0.9998,0.9996999999999993
99,0.495,1.0,0.9837,0.968,0.9589,0.9429,0.9281,0.8997,0.8824,0.8449,0.8129,0.7754,0.7393,0.704,0.6589,0.6253,0.9548,0.8225,0.6516,0.4928,0.3526,0.2536,0.1832,0.13,0.0991,0.0623,0.0455,0.0303,0.0237,0.0179,0.0126,0.0109,0.0075,0.9880999999999996,0.9918,0.9948,0.9972999999999996,0.9980999999999998,0.9992999999999996,0.9994999999999996,0.9999,0.9997999999999992
100,0.5,1.0,0.985,0.9699,0.9618,0.9463,0.9315,0.9045,0.8888,0.8526,0.8222,0.7847,0.7496,0.7146,0.6692,0.6364,0.9578,0.8299,0.6632,0.5015,0.3629,0.2642,0.1887,0.136,0.1041,0.0663,0.0474,0.0318,0.0251,0.0186,0.0133,0.0112,0.0077,0.9897999999999996,0.9922,0.9951,0.9972999999999996,0.9983999999999996,0.9993999999999996,0.9994999999999996,0.9999,0.9998999999999992
101,0.505,1.0,0.9864,0.9721,0.9646,0.9503,0.9361,0.9103,0.8963,0.8615,0.8319,0.7967,0.7636,0.7274,0.6825,0.6511,0.9621,0.8378,0.6751,0.514,0.3754,0.2762,0.1984,0.1441,0.1109,0.0697,0.0501,0.0339,0.0266,0.0195,0.0141,0.0115,0.0084,0.9914999999999996,0.9926,0.9955999999999998,0.9974999999999996,0.9985999999999996,0.9993999999999996,0.9996999999999996,0.9999,0.9998999999999992
102,0.51,1.0,0.9874,0.9738,0.9667,0.9533,0.94,0.9163,0.902,0.8679,0.8406,0.8063,0.7732,0.7384,0.6933,0.6632,0.9654,0.8451,0.685,0.5241,0.3854,0.2829,0.2061,0.1489,0.1143,0.073,0.0521,0.0364,0.0283,0.0207,0.0153,0.0124,0.0091,0.9930999999999998,0.9931,0.9959999999999998,0.9976999999999996,0.9985999999999996,0.9993999999999996,0.9996999999999996,0.9999,0.9998999999999992
103,0.515,1.0,0.9881,0.9757,0.9682,0.9564,0.9435,0.9227,0.9085,0.8756,0.8459,0.8147,0.7817,0.7486,0.7063,0.6727,0.9678,0.8515,0.6951,0.5347,0.396,0.2928,0.215,0.1554,0.1194,0.0776,0.0557,0.0383,0.0302,0.0218,0.0167,0.0131,0.0097,0.9942999999999996,0.9941,0.9963999999999996,0.9979999999999996,0.9985999999999996,0.9994999999999996,0.9996999999999996,0.9999,0.9998999999999992
104,0.52,1.0,0.9889,0.9771,0.97,0.9585,0.9468,0.9276,0.9138,0.8817,0.8529,0.8233,0.7904,0.7586,0.7164,0.6822,0.9714,0.8566,0.7044,0.5459,0.4091,0.3014,0.2246,0.1627,0.1251,0.0818,0.0583,0.0411,0.0324,0.0229,0.0178,0.0141,0.0104,0.9955999999999996,0.9947,0.9967999999999996,0.9980999999999997,0.9985999999999996,0.9994999999999996,0.9997999999999996,0.9999,0.9999999999999992
105,0.525,1.0,0.9905,0.9784,0.9714,0.9605,0.9499,0.9313,0.9189,0.8889,0.8605,0.8312,0.801,0.7667,0.7277,0.6938,0.9749,0.8617,0.7135,0.5585,0.4201,0.3105,0.2325,0.169,0.1301,0.086,0.0616,0.0427,0.0346,0.0244,0.0195,0.0149,0.0113,0.9967999999999996,0.995,0.9969999999999996,0.9981999999999996,0.9986999999999996,0.9994999999999996,0.9998999999999996,0.9999,0.9999999999999992
106,0.53,1.0,0.9915,0.9801,0.9734,0.9632,0.9531,0.9348,0.9236,0.8947,0.8676,0.8395,0.8106,0.7744,0.7379,0.7055,0.9784,0.8682,0.7217,0.5696,0.4322,0.3199,0.24,0.1761,0.1361,0.0907,0.0649,0.0449,0.036,0.025,0.0204,0.0156,0.012,0.9976999999999996,0.9954999999999998,0.9969999999999996,0.9984999999999996,0.9986999999999996,0.9997999999999996,0.9998999999999996,0.9999,0.9999999999999992
107,0.535,1.0,0.9928,0.9809,0.9758,0.965,0.9562,0.9394,0.9295,0.9016,0.8749,0.8475,0.8198,0.7857,0.7465,0.7157,0.9811,0.8735,0.7333,0.5805,0.4428,0.332,0.2492,0.183,0.144,0.0956,0.0676,0.0478,0.0379,0.0263,0.0213,0.0164,0.0126,0.9983999999999996,0.9956999999999998,0.9972999999999996,0.9984999999999996,0.9988999999999996,0.9997999999999996,0.9998999999999996,0.9999,0.9999999999999992
108,0.54,1.0,0.9937,0.9822,0.9771,0.9675,0.9591,0.9436,0.9344,0.9063,0.8816,0.8554,0.8292,0.7955,0.7563,0.7258,0.9842,0.8793,0.7435,0.5906,0.453,0.3413,0.258,0.1903,0.1502,0.0994,0.0705,0.0512,0.0401,0.0279,0.0227,0.0177,0.013,0.9987999999999996,0.9964999999999998,0.9976999999999996,0.9986999999999996,0.9988999999999996,0.9998999999999996,0.9998999999999996,0.9999,0.9999999999999992
109,0.545,1.0,0.9946,0.9835,0.979,0.9701,0.9629,0.9486,0.9395,0.9125,0.8895,0.8644,0.8378,0.8055,0.7696,0.7376,0.9871,0.8842,0.7536,0.6035,0.4676,0.3527,0.2679,0.201,0.1583,0.1051,0.0751,0.0541,0.0426,0.0304,0.0245,0.0186,0.0141,0.9992999999999996,0.9969999999999998,0.9978999999999996,0.9987999999999996,0.9988999999999996,0.9999999999999996,0.9998999999999996,0.9999,0.9999999999999992
110,0.55,1.0,0.995,0.9847,0.9802,0.9723,0.9656,0.9522,0.9444,0.9188,0.8979,0.8717,0.8453,0.815,0.7789,0.7462,0.9896,0.8895,0.7621,0.6143,0.4794,0.3635,0.2774,0.2097,0.1657,0.1105,0.0787,0.0571,0.0454,0.0315,0.0262,0.0203,0.0149,0.9994999999999996,0.9973999999999996,0.9981999999999996,0.9989999999999994,0.9989999999999996,0.9999999999999996,0.9998999999999996,0.9999,0.9999999999999992
111,0.555,1.0,0.9955,0.9856,0.9819,0.9742,0.9684,0.9549,0.9477,0.9245,0.9042,0.8792,0.8535,0.8236,0.7881,0.7568,0.9922,0.8944,0.7699,0.6251,0.4914,0.3745,0.2859,0.2181,0.1729,0.1171,0.0825,0.0604,0.0489,0.0335,0.0277,0.0214,0.0156,0.9996999999999996,0.9974999999999996,0.9983999999999996,0.9990999999999994,0.9990999999999997,0.9999999999999996,0.9998999999999996,0.9999,0.9999999999999992
112,0.56,1.0,0.9958,0.9872,0.9838,0.9762,0.9699,0.9579,0.9514,0.9298,0.9101,0.8852,0.8609,0.8353,0.7973,0.7676,0.994,0.8991,0.7782,0.6339,0.5059,0.3856,0.2959,0.2267,0.179,0.1216,0.0871,0.0641,0.0514,0.0355,0.0289,0.0225,0.0166,0.9997999999999996,0.9975999999999996,0.9984999999999996,0.9990999999999994,0.9991999999999996,0.9999999999999996,0.9998999999999996,1.0,0.9999999999999992
113,0.565,1.0,0.9962,0.9885,0.985,0.9782,0.9722,0.9607,0.9555,0.9339,0.915,0.8934,0.8687,0.843,0.8058,0.7771,0.9961,0.9026,0.7871,0.6444,0.5176,0.3958,0.305,0.2363,0.1857,0.1275,0.0923,0.0678,0.0546,0.0381,0.0306,0.0234,0.0176,0.9998999999999996,0.9979999999999996,0.9986999999999996,0.9990999999999994,0.9991999999999996,0.9999999999999996,0.9998999999999996,1.0,0.9999999999999992
114,0.57,1.0,0.9967,0.9902,0.9859,0.9801,0.9744,0.963,0.9593,0.9377,0.9207,0.8997,0.8756,0.8506,0.8133,0.7841,0.9976,0.9083,0.795,0.6554,0.5285,0.4067,0.3148,0.2456,0.1937,0.1332,0.0961,0.0706,0.0574,0.0403,0.0318,0.0252,0.0188,0.9999999999999996,0.9980999999999997,0.9988999999999996,0.9991999999999994,0.9992999999999996,0.9999999999999996,0.9998999999999996,1.0,0.9999999999999992
115,0.575,1.0,0.9972,0.9914,0.9872,0.9818,0.9762,0.9661,0.9633,0.9413,0.9245,0.9046,0.8825,0.8581,0.823,0.7949,0.9986,0.9119,0.8026,0.6659,0.539,0.4184,0.3271,0.2534,0.2003,0.1399,0.101,0.0738,0.0607,0.0424,0.033,0.0274,0.0195,0.9999999999999996,0.9981999999999996,0.9989999999999994,0.9991999999999994,0.9994999999999996,0.9999999999999996,0.9998999999999996,1.0,0.9999999999999992
116,0.58,1.0,0.9973,0.9924,0.9883,0.983,0.9783,0.9692,0.9661,0.9461,0.9288,0.9106,0.8886,0.8666,0.8314,0.8019,0.999,0.9163,0.8111,0.6758,0.5512,0.4283,0.3368,0.2635,0.2082,0.1476,0.106,0.0781,0.0643,0.0447,0.0358,0.0284,0.0201,0.9999999999999996,0.9981999999999996,0.9991999999999994,0.9991999999999994,0.9994999999999996,0.9999999999999996,0.9998999999999996,1.0,0.9999999999999992
117,0.585,1.0,0.9977,0.9932,0.9895,0.9851,0.9798,0.9716,0.9687,0.9507,0.9339,0.9176,0.898,0.8749,0.8397,0.8114,0.9998,0.921,0.8199,0.6892,0.5668,0.4435,0.3508,0.2751,0.217,0.1556,0.1121,0.0833,0.0694,0.0478,0.0383,0.03,0.0214,0.9999999999999996,0.9985999999999996,0.9991999999999994,0.9992999999999994,0.9994999999999996,0.9999999999999996,0.9998999999999996,1.0,0.9999999999999992
118,0.59,1.0,0.9981,0.9936,0.9911,0.9862,0.9814,0.9735,0.9713,0.9534,0.9373,0.9224,0.9027,0.8813,0.8495,0.8193,0.9999,0.9243,0.8282,0.6977,0.5795,0.4546,0.362,0.284,0.2253,0.1628,0.1162,0.0884,0.0731,0.0512,0.041,0.0325,0.0235,0.9999999999999996,0.9988999999999996,0.9991999999999994,0.9992999999999994,0.9995999999999996,0.9999999999999996,0.9998999999999996,1.0,0.9999999999999992
119,0.595,1.0,0.9982,0.994,0.9916,0.9875,0.9836,0.9758,0.9739,0.9559,0.9417,0.927,0.9085,0.8877,0.8572,0.8283,1.0,0.9283,0.8365,0.7074,0.5913,0.4664,0.3729,0.2915,0.2343,0.169,0.1212,0.0944,0.0765,0.0535,0.0435,0.0343,0.0256,0.9999999999999996,0.9989999999999996,0.9991999999999994,0.9993999999999994,0.9995999999999996,0.9999999999999996,0.9998999999999996,1.0,0.9999999999999992
120,0.6,1.0,0.9986,0.9944,0.9923,0.9884,0.9846,0.978,0.9756,0.9592,0.9452,0.9315,0.9138,0.8935,0.8652,0.8378,1.0,0.9313,0.8428,0.7169,0.604,0.4766,0.3846,0.3016,0.2425,0.178,0.1278,0.0987,0.0802,0.0566,0.047,0.037,0.0276,0.9999999999999996,0.9989999999999996,0.9992999999999994,0.9993999999999994,0.9996999999999996,0.9999999999999996,0.9998999999999996,1.0,0.9999999999999992
121,0.605,1.0,0.9987,0.9947,0.993,0.9886,0.986,0.98,0.9784,0.9623,0.949,0.9358,0.9189,0.8989,0.8722,0.8475,1.0,0.9335,0.8492,0.7279,0.6135,0.4892,0.3948,0.3103,0.2518,0.1853,0.134,0.1029,0.0842,0.0595,0.0491,0.0391,0.0296,0.9999999999999996,0.9989999999999996,0.9992999999999994,0.9994999999999994,0.9998999999999996,0.9999999999999996,0.9998999999999996,1.0,0.9999999999999992
122,0.61,1.0,0.9988,0.9951,0.9936,0.9894,0.9872,0.9817,0.979,0.9643,0.9527,0.9409,0.9245,0.9042,0.8788,0.8562,1.0,0.9367,0.8558,0.7379,0.6246,0.5025,0.4061,0.3227,0.2607,0.1944,0.1405,0.1091,0.0881,0.0628,0.0515,0.0414,0.0315,0.9999999999999996,0.9992999999999996,0.9992999999999994,0.9995999999999994,0.9998999999999996,0.9999999999999996,0.9998999999999996,1.0,0.9999999999999992
123,0.615,1.0,0.9989,0.9954,0.9939,0.9901,0.9885,0.9833,0.9804,0.9672,0.9559,0.9455,0.9294,0.909,0.8856,0.8638,1.0,0.9405,0.8639,0.7473,0.6354,0.515,0.4189,0.3336,0.2698,0.2024,0.1472,0.1137,0.0914,0.0662,0.0538,0.0436,0.0336,0.9999999999999996,0.9993999999999996,0.9993999999999994,0.9995999999999994,0.9998999999999996,0.9999999999999996,0.9998999999999996,1.0,0.9999999999999992
124,0.62,1.0,0.999,0.9955,0.9944,0.9911,0.9897,0.9841,0.9816,0.969,0.9585,0.9501,0.9337,0.915,0.8912,0.8712,1.0,0.9437,0.8707,0.7565,0.6456,0.5274,0.4298,0.3441,0.2797,0.2104,0.1539,0.119,0.0963,0.071,0.0572,0.0458,0.036,0.9999999999999996,0.9994999999999996,0.9994999999999994,0.9996999999999994,0.9998999999999996,0.9999999999999996,0.9998999999999996,1.0,0.9999999999999992
125,0.625,1.0,0.9991,0.9956,0.9948,0.992,0.9903,0.9853,0.983,0.9711,0.9616,0.9538,0.9387,0.9204,0.8983,0.88,1.0,0.9472,0.8766,0.7659,0.6571,0.5388,0.4418,0.3555,0.2879,0.2186,0.1608,0.1249,0.1012,0.0756,0.0601,0.0493,0.0391,0.9999999999999996,0.9995999999999996,0.9994999999999994,0.9996999999999994,0.9998999999999996,0.9999999999999996,0.9998999999999996,1.0,0.9999999999999992
126,0.63,1.0,0.9992,0.996,0.9957,0.993,0.9914,0.9867,0.9849,0.9745,0.9655,0.9574,0.9449,0.9284,0.9074,0.8886,1.0,0.95,0.8831,0.7765,0.6696,0.5546,0.458,0.3692,0.2999,0.2285,0.1705,0.1324,0.108,0.082,0.0642,0.0533,0.0419,0.9999999999999996,0.9995999999999996,0.9994999999999994,0.9996999999999994,0.9998999999999996,0.9999999999999996,0.9998999999999996,1.0,0.9999999999999992
127,0.635,1.0,0.9994,0.9963,0.9965,0.9937,0.9921,0.9882,0.986,0.976,0.968,0.9612,0.9494,0.9334,0.9126,0.8946,1.0,0.9524,0.8882,0.7858,0.6813,0.5674,0.4709,0.382,0.3099,0.238,0.1784,0.1379,0.1129,0.0862,0.0687,0.0559,0.0447,0.9999999999999996,0.9998999999999996,0.9994999999999994,0.9996999999999994,0.9998999999999996,0.9999999999999996,0.9998999999999996,1.0,0.9999999999999992
128,0.64,1.0,0.9995,0.9968,0.9973,0.994,0.9927,0.9889,0.9872,0.9774,0.9705,0.9635,0.9529,0.9379,0.919,0.9024,1.0,0.9547,0.8936,0.7942,0.6926,0.5796,0.4834,0.3927,0.3213,0.2495,0.1875,0.1443,0.1193,0.0919,0.0726,0.0605,0.0474,0.9999999999999996,0.9998999999999996,0.9994999999999994,0.9997999999999994,0.9998999999999996,0.9999999999999996,0.9998999999999996,1.0,0.9999999999999992
129,0.645,1.0,0.9997,0.9973,0.9975,0.9944,0.9932,0.9898,0.988,0.9793,0.9732,0.9673,0.9568,0.943,0.925,0.9088,1.0,0.9579,0.8994,0.8021,0.7041,0.593,0.4961,0.4045,0.331,0.2588,0.1974,0.1514,0.1251,0.0969,0.0782,0.0632,0.0501,0.9999999999999996,0.9998999999999996,0.9995999999999994,0.9997999999999994,0.9998999999999996,0.9999999999999996,0.9998999999999996,1.0,0.9999999999999992
130,0.65,1.0,0.9998,0.9976,0.9978,0.9948,0.994,0.9905,0.9891,0.9816,0.9755,0.9699,0.9601,0.9466,0.9307,0.9148,1.0,0.9604,0.9038,0.8097,0.7147,0.6048,0.5113,0.4161,0.3405,0.2677,0.2072,0.1586,0.1311,0.102,0.0824,0.0667,0.0524,0.9999999999999996,0.9998999999999996,0.9996999999999994,0.9998999999999992,0.9998999999999996,0.9999999999999996,0.9998999999999996,1.0,0.9999999999999992
131,0.655,1.0,0.9998,0.9979,0.998,0.9954,0.9943,0.9908,0.99,0.9836,0.9779,0.9726,0.9626,0.9507,0.9375,0.9211,1.0,0.9619,0.9086,0.8172,0.7251,0.6175,0.5237,0.4277,0.3527,0.2785,0.2154,0.1676,0.138,0.1087,0.0872,0.0711,0.0554,0.9999999999999996,0.9998999999999996,0.9996999999999994,0.9998999999999992,0.9998999999999996,0.9999999999999996,0.9998999999999996,1.0,0.9999999999999992
132,0.66,1.0,1.0,0.9982,0.9981,0.9958,0.995,0.9923,0.9912,0.9859,0.9798,0.9748,0.9656,0.9534,0.9416,0.9258,1.0,0.9645,0.9137,0.8243,0.7342,0.6319,0.5376,0.4393,0.3636,0.2887,0.2236,0.175,0.1465,0.1143,0.092,0.0747,0.0585,0.9999999999999996,0.9998999999999996,0.9997999999999994,0.9999999999999992,0.9998999999999996,0.9999999999999996,0.9999999999999996,1.0,0.9999999999999992
133,0.665,1.0,1.0,0.9982,0.9981,0.9964,0.9955,0.9932,0.9924,0.9869,0.9809,0.9771,0.9684,0.9567,0.9454,0.9307,1.0,0.9672,0.9189,0.8312,0.7469,0.6447,0.5495,0.4511,0.3748,0.2984,0.2328,0.183,0.1535,0.1207,0.0972,0.0793,0.0619,0.9999999999999996,0.9998999999999996,0.9998999999999992,0.9999999999999992,0.9998999999999996,0.9999999999999996,0.9999999999999996,1.0,0.9999999999999992
134,0.67,1.0,1.0,0.9986,0.9983,0.9967,0.9962,0.9941,0.993,0.9887,0.9831,0.9794,0.9712,0.9598,0.9511,0.9371,1.0,0.9697,0.9232,0.839,0.7584,0.6589,0.5625,0.4686,0.3865,0.3105,0.244,0.191,0.1622,0.1279,0.1031,0.0844,0.0653,0.9999999999999996,0.9998999999999996,0.9998999999999992,0.9999999999999992,0.9998999999999996,0.9999999999999996,0.9999999999999996,1.0,0.9999999999999992
135,0.675,1.0,1.0,0.9991,0.9986,0.9974,0.9967,0.9947,0.9938,0.9904,0.985,0.9805,0.9737,0.9626,0.955,0.9416,1.0,0.9724,0.9274,0.8464,0.77,0.6716,0.5763,0.4809,0.4001,0.321,0.256,0.2006,0.171,0.1343,0.1085,0.0883,0.069,0.9999999999999996,0.9998999999999996,0.9998999999999992,0.9999999999999992,0.9998999999999996,0.9999999999999996,0.9999999999999996,1.0,0.9999999999999992
136,0.68,1.0,1.0,0.9993,0.9988,0.9978,0.9969,0.9955,0.9943,0.9909,0.9866,0.9822,0.9765,0.9651,0.9593,0.9458,1.0,0.9743,0.9321,0.8549,0.7812,0.6823,0.5914,0.495,0.4126,0.3338,0.2666,0.2114,0.1793,0.1405,0.1143,0.0938,0.0725,0.9999999999999996,0.9998999999999996,0.9998999999999992,0.9999999999999992,0.9998999999999996,0.9999999999999996,0.9999999999999996,1.0,0.9999999999999992
137,0.685,1.0,1.0,0.9994,0.9988,0.998,0.9971,0.9963,0.9951,0.9914,0.9883,0.9835,0.979,0.9683,0.964,0.95,1.0,0.9756,0.935,0.8614,0.7897,0.6942,0.6051,0.5088,0.4256,0.345,0.2782,0.222,0.1893,0.1484,0.1228,0.0984,0.0764,0.9999999999999996,0.9998999999999996,0.9998999999999992,0.9999999999999992,0.9998999999999996,0.9999999999999996,0.9999999999999996,1.0,0.9999999999999992
138,0.69,1.0,1.0,0.9995,0.9991,0.9982,0.9971,0.9966,0.9957,0.9923,0.9895,0.9855,0.9814,0.9709,0.9674,0.9551,1.0,0.9766,0.9395,0.8685,0.7983,0.7074,0.6185,0.5232,0.4387,0.3582,0.2889,0.2341,0.1968,0.1567,0.1283,0.1042,0.0814,0.9999999999999996,0.9998999999999996,0.9998999999999992,0.9999999999999992,0.9998999999999996,0.9999999999999996,0.9999999999999996,1.0,0.9999999999999992
139,0.695,1.0,1.0,0.9995,0.9992,0.9984,0.9975,0.9969,0.9964,0.9932,0.9904,0.987,0.9841,0.974,0.9697,0.9582,1.0,0.9777,0.9428,0.8774,0.8066,0.7183,0.6304,0.5359,0.4517,0.3691,0.3001,0.2464,0.2052,0.1647,0.1348,0.11,0.0874,0.9999999999999996,0.9998999999999996,0.9998999999999992,0.9999999999999992,0.9998999999999996,0.9999999999999996,0.9999999999999996,1.0,0.9999999999999992
140,0.7,1.0,1.0,0.9996,0.9992,0.9988,0.9976,0.9969,0.9972,0.9943,0.9917,0.9885,0.9858,0.9761,0.972,0.9617,1.0,0.9787,0.9461,0.8844,0.8159,0.7286,0.6454,0.5499,0.4641,0.3813,0.3141,0.2567,0.215,0.1728,0.1418,0.1159,0.093,0.9999999999999996,0.9998999999999996,0.9998999999999992,0.9999999999999992,0.9998999999999996,0.9999999999999996,0.9999999999999996,1.0,0.9999999999999992
141,0.705,1.0,1.0,0.9997,0.9994,0.999,0.9977,0.9971,0.9973,0.9948,0.9927,0.9895,0.9868,0.9789,0.9756,0.9654,1.0,0.98,0.9489,0.8902,0.8245,0.7405,0.6579,0.5657,0.4785,0.3955,0.3278,0.267,0.2234,0.1804,0.1493,0.1221,0.0978,0.9999999999999996,0.9998999999999996,0.9998999999999992,0.9999999999999992,0.9998999999999996,0.9999999999999996,0.9999999999999996,1.0,0.9999999999999992
142,0.71,1.0,1.0,0.9997,0.9995,0.999,0.9985,0.9976,0.9977,0.9954,0.9939,0.9908,0.9882,0.9811,0.9785,0.969,1.0,0.9817,0.9538,0.8987,0.8351,0.7555,0.6744,0.5796,0.4945,0.4101,0.3425,0.2801,0.2365,0.1919,0.1588,0.1304,0.1042,0.9999999999999996,0.9998999999999996,0.9998999999999992,0.9999999999999992,0.9998999999999996,0.9999999999999996,0.9999999999999996,1.0,0.9999999999999992
143,0.715,1.0,1.0,0.9997,0.9995,0.9992,0.9988,0.9982,0.9979,0.9962,0.9945,0.9919,0.9899,0.9827,0.9805,0.9718,1.0,0.9835,0.9571,0.9046,0.8429,0.7641,0.6873,0.5925,0.5082,0.4259,0.3553,0.292,0.2485,0.2004,0.1675,0.1387,0.1104,0.9999999999999996,0.9998999999999996,0.9998999999999992,0.9999999999999992,0.9998999999999996,0.9999999999999996,0.9999999999999996,1.0,0.9999999999999992
144,0.72,1.0,1.0,0.9997,0.9995,0.9992,0.9989,0.9986,0.998,0.9966,0.9953,0.9928,0.9913,0.9849,0.9826,0.974,1.0,0.985,0.9597,0.9099,0.8506,0.7747,0.6973,0.6078,0.523,0.4395,0.3672,0.3034,0.2579,0.2109,0.1759,0.1458,0.1153,0.9999999999999996,0.9998999999999996,0.9998999999999992,0.9999999999999992,0.9998999999999996,0.9999999999999996,0.9999999999999996,1.0,0.9999999999999992
145,0.725,1.0,1.0,0.9998,0.9997,0.9993,0.999,0.9988,0.9983,0.9972,0.9959,0.9939,0.9922,0.9861,0.9843,0.9758,1.0,0.9861,0.9626,0.9165,0.8572,0.7852,0.7092,0.6191,0.5357,0.4548,0.3804,0.3165,0.2694,0.2204,0.1844,0.1538,0.1219,0.9999999999999996,0.9998999999999996,0.9998999999999992,0.9999999999999992,0.9998999999999996,0.9999999999999996,0.9999999999999996,1.0,0.9999999999999992
146,0.73,1.0,1.0,0.9998,0.9997,0.9993,0.9991,0.9988,0.9986,0.9978,0.9965,0.9946,0.9928,0.9877,0.9862,0.9787,1.0,0.9869,0.9664,0.9209,0.8656,0.7953,0.7218,0.6324,0.5497,0.4686,0.3956,0.3298,0.2816,0.2303,0.1937,0.1633,0.1282,0.9999999999999996,0.9998999999999996,0.9998999999999992,0.9999999999999992,0.9998999999999996,0.9999999999999996,0.9999999999999996,1.0,0.9999999999999992
147,0.735,1.0,1.0,0.9998,0.9998,0.9995,0.9992,0.9991,0.9986,0.9978,0.9967,0.9952,0.9938,0.9893,0.9878,0.9807,1.0,0.9881,0.9697,0.9258,0.8738,0.805,0.7342,0.6466,0.562,0.4831,0.4098,0.343,0.2966,0.2407,0.2022,0.1727,0.1369,0.9999999999999996,0.9998999999999996,0.9998999999999992,0.9999999999999992,0.9998999999999996,0.9999999999999996,0.9999999999999996,1.0,0.9999999999999992
148,0.74,1.0,1.0,0.9999,0.9998,0.9997,0.9993,0.9992,0.9989,0.9982,0.9968,0.9957,0.9946,0.9906,0.9894,0.9825,1.0,0.9888,0.972,0.9301,0.8824,0.8157,0.747,0.6608,0.5794,0.4961,0.4229,0.3579,0.3105,0.2513,0.2114,0.182,0.1458,0.9999999999999996,0.9998999999999996,0.9998999999999992,0.9999999999999992,0.9998999999999996,0.9999999999999996,0.9999999999999996,1.0,0.9999999999999992
149,0.745,1.0,1.0,0.9999,0.9998,0.9997,0.9996,0.9993,0.999,0.9986,0.9972,0.9959,0.9952,0.9917,0.9904,0.9841,1.0,0.9897,0.9741,0.9348,0.89,0.8262,0.7597,0.6753,0.5953,0.5116,0.4387,0.3719,0.3243,0.2652,0.2224,0.1924,0.1534,0.9999999999999996,0.9998999999999996,0.9998999999999992,0.9999999999999992,0.9998999999999996,0.9999999999999996,0.9999999999999996,1.0,0.9999999999999992
150,0.75,1.0,1.0,1.0,0.9998,0.9997,0.9996,0.9995,0.9991,0.9988,0.9975,0.9963,0.996,0.9928,0.9921,0.9857,1.0,0.9908,0.9766,0.9394,0.8966,0.8368,0.7708,0.6894,0.61,0.5266,0.452,0.3852,0.3371,0.2794,0.2316,0.2022,0.1616,0.9999999999999996,0.9998999999999996,0.9998999999999992,0.9999999999999992,0.9998999999999996,0.9999999999999996,0.9999999999999996,1.0,0.9999999999999992
151,0.755,1.0,1.0,1.0,0.9998,0.9997,0.9997,0.9996,0.9992,0.999,0.9981,0.9968,0.9968,0.9936,0.9933,0.9868,1.0,0.9919,0.9787,0.9446,0.9036,0.8459,0.7838,0.7055,0.6269,0.5466,0.4681,0.4017,0.3528,0.2928,0.2446,0.2136,0.1715,0.9999999999999996,0.9998999999999996,0.9998999999999992,0.9999999999999992,0.9998999999999996,0.9999999999999996,0.9999999999999996,1.0,0.9999999999999992
152,0.76,1.0,1.0,1.0,0.9998,0.9998,0.9997,0.9997,0.9993,0.999,0.9984,0.9972,0.9974,0.994,0.9944,0.9883,1.0,0.9924,0.9799,0.948,0.9099,0.8546,0.7935,0.7197,0.6421,0.563,0.4851,0.4168,0.3659,0.3067,0.2541,0.225,0.1813,0.9999999999999996,0.9998999999999996,0.9998999999999992,0.9999999999999992,0.9998999999999996,0.9999999999999996,0.9999999999999996,1.0,0.9999999999999992
153,0.765,1.0,1.0,1.0,0.9998,0.9999,0.9997,0.9998,0.9994,0.999,0.9988,0.9975,0.9979,0.9948,0.9953,0.9895,1.0,0.9932,0.982,0.9515,0.9159,0.8638,0.8038,0.7338,0.659,0.578,0.5003,0.4339,0.381,0.3195,0.2671,0.237,0.1906,0.9999999999999996,0.9998999999999996,0.9998999999999992,0.9999999999999992,0.9999999999999996,0.9999999999999996,0.9999999999999996,1.0,0.9999999999999992
154,0.77,1.0,1.0,1.0,0.9998,0.9999,0.9998,0.9998,0.9996,0.9991,0.9988,0.9978,0.9981,0.9954,0.996,0.9905,1.0,0.9937,0.9836,0.9552,0.9226,0.8738,0.8152,0.7459,0.6714,0.5923,0.5149,0.45,0.3968,0.3333,0.2803,0.2475,0.2027,0.9999999999999996,0.9998999999999996,0.9998999999999992,0.9999999999999992,0.9999999999999996,0.9999999999999996,0.9999999999999996,1.0,0.9999999999999992
155,0.775,1.0,1.0,1.0,0.9999,0.9999,0.9999,0.9998,0.9996,0.9992,0.9989,0.998,0.9982,0.9961,0.9961,0.9915,1.0,0.9946,0.9848,0.958,0.9276,0.8827,0.8247,0.7577,0.6852,0.6092,0.5324,0.4654,0.4106,0.3472,0.2928,0.2599,0.2125,0.9999999999999996,0.9998999999999996,0.9998999999999992,0.9999999999999992,0.9999999999999996,0.9999999999999996,0.9999999999999996,1.0,0.9999999999999992
156,0.78,1.0,1.0,1.0,1.0,0.9999,0.9999,0.9998,0.9996,0.9993,0.9992,0.9983,0.9986,0.9967,0.9967,0.9926,1.0,0.9952,0.9863,0.9616,0.9332,0.8911,0.8344,0.7687,0.6988,0.6247,0.5461,0.4853,0.4265,0.3615,0.3095,0.2719,0.2239,0.9999999999999996,0.9998999999999996,0.9998999999999992,0.9999999999999992,0.9999999999999996,0.9999999999999996,0.9999999999999996,1.0,0.9999999999999992
157,0.785,1.0,1.0,1.0,1.0,1.0,1.0,0.9999,0.9997,0.9996,0.9994,0.9987,0.9988,0.9973,0.997,0.9938,1.0,0.9956,0.9876,0.9655,0.9372,0.8974,0.8444,0.7805,0.7112,0.6388,0.561,0.501,0.4429,0.3771,0.3225,0.2864,0.2373,0.9999999999999996,0.9998999999999996,0.9998999999999992,0.9999999999999992,0.9999999999999996,0.9999999999999996,0.9999999999999996,1.0,0.9999999999999992
158,0.79,1.0,1.0,1.0,1.0,1.0,1.0,0.9999,0.9999,0.9996,0.9994,0.9988,0.9989,0.9975,0.9971,0.9947,1.0,0.996,0.9886,0.9686,0.9421,0.9045,0.8537,0.7921,0.7252,0.6548,0.5786,0.5152,0.4596,0.3925,0.3357,0.2999,0.2495,0.9999999999999996,0.9999999999999994,0.9998999999999992,0.9999999999999992,0.9999999999999996,0.9999999999999996,0.9999999999999996,1.0,0.9999999999999992
159,0.795,1.0,1.0,1.0,1.0,1.0,1.0,0.9999,1.0,0.9997,0.9995,0.9989,0.999,0.9977,0.998,0.9961,1.0,0.9963,0.9899,0.9719,0.9473,0.9124,0.8647,0.8061,0.7418,0.6729,0.5963,0.5362,0.4809,0.411,0.3542,0.3179,0.2652,0.9999999999999996,0.9999999999999994,0.9998999999999992,0.9999999999999992,0.9999999999999996,0.9999999999999996,0.9999999999999996,1.0,0.9999999999999992
160,0.8,1.0,1.0,1.0,1.0,1.0,1.0,0.9999,1.0,0.9997,0.9996,0.9991,0.9991,0.998,0.9985,0.9969,1.0,0.9965,0.9911,0.9753,0.952,0.9194,0.8745,0.818,0.7553,0.6889,0.6129,0.5532,0.4957,0.4255,0.368,0.3322,0.2794,0.9999999999999996,0.9999999999999994,0.9998999999999992,0.9999999999999992,0.9999999999999996,0.9999999999999996,0.9999999999999996,1.0,0.9999999999999992
161,0.805,1.0,1.0,1.0,1.0,1.0,1.0,0.9999,1.0,0.9998,0.9998,0.9992,0.9991,0.9981,0.9989,0.9971,1.0,0.9967,0.992,0.9776,0.9573,0.9262,0.8827,0.8294,0.77,0.7052,0.6297,0.5722,0.5146,0.442,0.3839,0.3486,0.2965,0.9999999999999996,0.9999999999999994,0.9998999999999992,0.9999999999999992,0.9999999999999996,0.9999999999999996,0.9999999999999996,1.0,0.9999999999999992
162,0.81,1.0,1.0,1.0,1.0,1.0,1.0,0.9999,1.0,0.9998,0.9998,0.9995,0.9992,0.9983,0.9991,0.9977,1.0,0.9971,0.9927,0.9793,0.9612,0.9312,0.892,0.8412,0.7857,0.7201,0.6455,0.5892,0.5315,0.4569,0.4009,0.3654,0.313,0.9999999999999996,0.9999999999999994,0.9998999999999992,0.9999999999999992,0.9999999999999996,0.9999999999999996,0.9999999999999996,1.0,0.9999999999999992
163,0.815,1.0,1.0,1.0,1.0,1.0,1.0,0.9999,1.0,0.9998,0.9999,0.9996,0.9995,0.9989,0.9991,0.9981,1.0,0.9975,0.9932,0.9807,0.9647,0.9369,0.8999,0.8514,0.7993,0.7354,0.6616,0.6076,0.5504,0.474,0.4201,0.3804,0.3297,0.9999999999999996,0.9999999999999994,0.9998999999999992,0.9999999999999992,0.9999999999999996,0.9999999999999996,0.9999999999999996,1.0,0.9999999999999992
164,0.82,1.0,1.0,1.0,1.0,1.0,1.0,0.9999,1.0,0.9998,1.0,0.9996,0.9995,0.9991,0.9992,0.9983,1.0,0.9978,0.994,0.983,0.9681,0.9434,0.9085,0.8628,0.8118,0.7505,0.6798,0.6244,0.567,0.4931,0.4389,0.397,0.3468,0.9999999999999996,0.9999999999999994,0.9998999999999992,0.9999999999999992,0.9999999999999996,0.9999999999999996,0.9999999999999996,1.0,0.9999999999999992
165,0.825,1.0,1.0,1.0,1.0,1.0,1.0,0.9999,1.0,0.9999,1.0,0.9996,0.9996,0.9993,0.9992,0.9987,1.0,0.9984,0.9947,0.9847,0.9711,0.9489,0.9159,0.8714,0.8247,0.7638,0.696,0.6422,0.5835,0.5136,0.4578,0.4144,0.3642,0.9999999999999996,0.9999999999999994,0.9998999999999992,0.9999999999999992,0.9999999999999996,0.9999999999999996,0.9999999999999996,1.0,0.9999999999999992
166,0.83,1.0,1.0,1.0,1.0,1.0,1.0,0.9999,1.0,0.9999,1.0,0.9996,0.9996,0.9996,0.9996,0.9989,1.0,0.9984,0.9956,0.9863,0.9741,0.9547,0.9224,0.879,0.8382,0.7772,0.7126,0.6602,0.6022,0.5329,0.4802,0.4328,0.3807,0.9999999999999996,0.9999999999999994,0.9998999999999992,0.9999999999999992,0.9999999999999996,0.9999999999999996,0.9999999999999996,1.0,0.9999999999999992
167,0.835,1.0,1.0,1.0,1.0,1.0,1.0,1.0,1.0,0.9999,1.0,0.9996,0.9996,0.9997,0.9998,0.999,1.0,0.9988,0.9961,0.9886,0.977,0.9601,0.9317,0.8901,0.8506,0.7943,0.7345,0.6807,0.6251,0.558,0.5019,0.4565,0.4009,0.9999999999999996,0.9999999999999994,0.9998999999999992,0.9999999999999992,0.9999999999999996,0.9999999999999996,0.9999999999999996,1.0,0.9999999999999992
168,0.84,1.0,1.0,1.0,1.0,1.0,1.0,1.0,1.0,1.0,1.0,0.9996,0.9996,0.9998,0.9999,0.9991,1.0,0.999,0.9961,0.9892,0.9793,0.9651,0.9384,0.8977,0.8616,0.8082,0.7494,0.6986,0.6418,0.5762,0.5206,0.4751,0.4185,0.9999999999999996,0.9999999999999994,0.9998999999999992,0.9999999999999992,0.9999999999999996,0.9999999999999996,0.9999999999999996,1.0,0.9999999999999992
169,0.845,1.0,1.0,1.0,1.0,1.0,1.0,1.0,1.0,1.0,1.0,0.9996,0.9997,0.9998,0.9999,0.9992,1.0,0.9991,0.9968,0.9908,0.9818,0.9689,0.9428,0.9059,0.8715,0.8218,0.7649,0.7155,0.6588,0.5992,0.5413,0.4939,0.4394,0.9999999999999996,0.9999999999999994,0.9998999999999992,0.9999999999999992,0.9999999999999996,0.9999999999999996,0.9999999999999996,1.0,0.9999999999999992
170,0.85,1.0,1.0,1.0,1.0,1.0,1.0,1.0,1.0,1.0,1.0,0.9997,0.9998,0.9998,1.0,0.9995,1.0,0.9992,0.9975,0.9918,0.9842,0.9724,0.9481,0.9155,0.882,0.8375,0.7804,0.7331,0.6781,0.6192,0.563,0.513,0.4615,0.9999999999999996,0.9999999999999994,0.9998999999999992,0.9999999999999992,0.9999999999999996,0.9999999999999996,0.9999999999999996,1.0,0.9999999999999992
171,0.855,1.0,1.0,1.0,1.0,1.0,1.0,1.0,1.0,1.0,1.0,0.9998,1.0,0.9999,1.0,0.9996,1.0,0.9994,0.9978,0.9934,0.9866,0.9756,0.9545,0.9234,0.8919,0.8494,0.7972,0.7511,0.6944,0.6403,0.5824,0.5332,0.482,0.9999999999999996,0.9999999999999994,0.9998999999999992,0.9999999999999992,0.9999999999999996,0.9999999999999996,0.9999999999999996,1.0,0.9999999999999992
172,0.86,1.0,1.0,1.0,1.0,1.0,1.0,1.0,1.0,1.0,1.0,0.9998,1.0,0.9999,1.0,0.9997,1.0,0.9994,0.9983,0.9944,0.9887,0.9784,0.9595,0.9318,0.9039,0.8631,0.8118,0.7659,0.7153,0.66,0.602,0.5539,0.5045,0.9999999999999996,0.9999999999999994,0.9998999999999992,0.9999999999999992,0.9999999999999996,0.9999999999999996,0.9999999999999996,1.0,0.9999999999999992
173,0.865,1.0,1.0,1.0,1.0,1.0,1.0,1.0,1.0,1.0,1.0,1.0,1.0,0.9999,1.0,0.9998,1.0,0.9996,0.9987,0.9951,0.9909,0.9814,0.9637,0.9375,0.9113,0.8751,0.8263,0.7848,0.7357,0.6799,0.6236,0.5758,0.5282,0.9999999999999996,0.9999999999999994,0.9999999999999992,0.9999999999999992,0.9999999999999996,0.9999999999999996,0.9999999999999996,1.0,0.9999999999999992
174,0.87,1.0,1.0,1.0,1.0,1.0,1.0,1.0,1.0,1.0,1.0,1.0,1.0,0.9999,1.0,1.0,1.0,0.9996,0.9989,0.9952,0.9929,0.9843,0.9691,0.9459,0.9205,0.887,0.841,0.8006,0.7521,0.7014,0.6435,0.5968,0.5533,0.9999999999999996,0.9999999999999994,0.9999999999999992,0.9999999999999992,0.9999999999999996,0.9999999999999996,0.9999999999999996,1.0,0.9999999999999992
175,0.875,1.0,1.0,1.0,1.0,1.0,1.0,1.0,1.0,1.0,1.0,1.0,1.0,0.9999,1.0,1.0,1.0,0.9997,0.999,0.9957,0.9939,0.9863,0.9726,0.9521,0.9285,0.8986,0.8559,0.8161,0.7705,0.7242,0.6618,0.6213,0.5759,0.9999999999999996,0.9999999999999994,0.9999999999999992,0.9999999999999992,0.9999999999999996,0.9999999999999996,0.9999999999999996,1.0,0.9999999999999992
176,0.88,1.0,1.0,1.0,1.0,1.0,1.0,1.0,1.0,1.0,1.0,1.0,1.0,0.9999,1.0,1.0,1.0,0.9997,0.9992,0.9963,0.9955,0.9888,0.9763,0.9578,0.938,0.9107,0.8724,0.8359,0.7932,0.7465,0.6881,0.6519,0.6061,0.9999999999999996,0.9999999999999994,0.9999999999999992,0.9999999999999992,0.9999999999999996,0.9999999999999996,0.9999999999999996,1.0,0.9999999999999992
177,0.885,1.0,1.0,1.0,1.0,1.0,1.0,1.0,1.0,1.0,1.0,1.0,1.0,0.9999,1.0,1.0,1.0,0.9998,0.9993,0.9973,0.9961,0.9912,0.9802,0.9632,0.9457,0.9207,0.8869,0.8509,0.8122,0.767,0.7116,0.676,0.6294,0.9999999999999996,0.9999999999999994,0.9999999999999992,0.9999999999999992,0.9999999999999996,0.9999999999999996,0.9999999999999996,1.0,0.9999999999999992
178,0.89,1.0,1.0,1.0,1.0,1.0,1.0,1.0,1.0,1.0,1.0,1.0,1.0,0.9999,1.0,1.0,1.0,0.9999,0.9994,0.9978,0.9971,0.9927,0.9838,0.9681,0.9525,0.9296,0.8999,0.8636,0.8297,0.7865,0.7344,0.6976,0.6528,0.9999999999999996,0.9999999999999994,0.9999999999999992,0.9999999999999992,0.9999999999999996,0.9999999999999996,0.9999999999999996,1.0,0.9999999999999992
179,0.895,1.0,1.0,1.0,1.0,1.0,1.0,1.0,1.0,1.0,1.0,1.0,1.0,1.0,1.0,1.0,1.0,0.9999,0.9997,0.9984,0.9981,0.994,0.9864,0.9714,0.9588,0.9375,0.9124,0.8809,0.8459,0.8051,0.7573,0.7239,0.6785,0.9999999999999996,0.9999999999999994,0.9999999999999992,0.9999999999999992,0.9999999999999996,0.9999999999999996,0.9999999999999996,1.0,0.9999999999999992
180,0.9,1.0,1.0,1.0,1.0,1.0,1.0,1.0,1.0,1.0,1.0,1.0,1.0,1.0,1.0,1.0,1.0,0.9999,0.9998,0.9986,0.9984,0.995,0.9883,0.9763,0.9658,0.9454,0.9217,0.8946,0.8613,0.8229,0.779,0.7456,0.7052,0.9999999999999996,0.9999999999999994,0.9999999999999992,0.9999999999999992,0.9999999999999996,0.9999999999999996,0.9999999999999996,1.0,0.9999999999999992
181,0.905,1.0,1.0,1.0,1.0,1.0,1.0,1.0,1.0,1.0,1.0,1.0,1.0,1.0,1.0,1.0,1.0,0.9999,0.9998,0.999,0.9986,0.9958,0.9902,0.9793,0.9711,0.9521,0.9322,0.9064,0.8787,0.84,0.7988,0.7687,0.7312,0.9999999999999996,0.9999999999999994,0.9999999999999992,0.9999999999999992,0.9999999999999996,0.9999999999999996,0.9999999999999996,1.0,0.9999999999999992
182,0.91,1.0,1.0,1.0,1.0,1.0,1.0,1.0,1.0,1.0,1.0,1.0,1.0,1.0,1.0,1.0,1.0,1.0,0.9998,0.9992,0.9986,0.9966,0.9919,0.9832,0.9751,0.9582,0.9408,0.919,0.8929,0.857,0.8196,0.7911,0.7579,0.9999999999999996,0.9999999999999994,0.9999999999999992,0.9999999999999992,0.9999999999999996,0.9999999999999996,0.9999999999999996,1.0,0.9999999999999992
183,0.915,1.0,1.0,1.0,1.0,1.0,1.0,1.0,1.0,1.0,1.0,1.0,1.0,1.0,1.0,1.0,1.0,1.0,1.0,0.9994,0.999,0.9969,0.9936,0.9855,0.9787,0.9629,0.9499,0.932,0.9066,0.8724,0.8401,0.8116,0.7809,0.9999999999999996,0.9999999999999994,0.9999999999999992,0.9999999999999992,0.9999999999999996,0.9999999999999996,0.9999999999999996,1.0,0.9999999999999992
184,0.92,1.0,1.0,1.0,1.0,1.0,1.0,1.0,1.0,1.0,1.0,1.0,1.0,1.0,1.0,1.0,1.0,1.0,1.0,0.9995,0.9991,0.998,0.9955,0.989,0.9835,0.9708,0.9584,0.9437,0.9209,0.8931,0.8626,0.8353,0.8075,0.9999999999999996,0.9999999999999994,0.9999999999999992,0.9999999999999992,0.9999999999999996,0.9999999999999996,0.9999999999999996,1.0,0.9999999999999992
185,0.925,1.0,1.0,1.0,1.0,1.0,1.0,1.0,1.0,1.0,1.0,1.0,1.0,1.0,1.0,1.0,1.0,1.0,1.0,0.9995,0.9994,0.9984,0.9968,0.9914,0.9865,0.9758,0.965,0.9525,0.9337,0.9077,0.8798,0.853,0.8313,0.9999999999999996,0.9999999999999994,0.9999999999999992,0.9999999999999992,0.9999999999999996,0.9999999999999996,0.9999999999999996,1.0,0.9999999999999992
186,0.93,1.0,1.0,1.0,1.0,1.0,1.0,1.0,1.0,1.0,1.0,1.0,1.0,1.0,1.0,1.0,1.0,1.0,1.0,0.9996,0.9994,0.999,0.9974,0.993,0.9891,0.9812,0.9729,0.962,0.9457,0.9215,0.8979,0.872,0.8526,0.9999999999999996,0.9999999999999994,0.9999999999999992,0.9999999999999992,0.9999999999999996,0.9999999999999996,0.9999999999999996,1.0,0.9999999999999992
187,0.935,1.0,1.0,1.0,1.0,1.0,1.0,1.0,1.0,1.0,1.0,1.0,1.0,1.0,1.0,1.0,1.0,1.0,1.0,0.9998,0.9996,0.9994,0.998,0.9956,0.9917,0.9853,0.9784,0.9695,0.9563,0.9328,0.9145,0.8905,0.8727,0.9999999999999996,0.9999999999999994,0.9999999999999992,0.9999999999999992,0.9999999999999996,0.9999999999999996,0.9999999999999996,1.0,0.9999999999999992
188,0.94,1.0,1.0,1.0,1.0,1.0,1.0,1.0,1.0,1.0,1.0,1.0,1.0,1.0,1.0,1.0,1.0,1.0,1.0,0.9999,0.9996,0.9998,0.9986,0.9966,0.9938,0.9891,0.9824,0.9758,0.9646,0.9456,0.9301,0.911,0.893,0.9999999999999996,0.9999999999999994,0.9999999999999992,0.9999999999999992,0.9999999999999996,0.9999999999999996,0.9999999999999996,1.0,0.9999999999999992
189,0.945,1.0,1.0,1.0,1.0,1.0,1.0,1.0,1.0,1.0,1.0,1.0,1.0,1.0,1.0,1.0,1.0,1.0,1.0,0.9999,0.9997,0.9999,0.9987,0.9979,0.9949,0.9911,0.9872,0.9818,0.9729,0.9551,0.9433,0.9266,0.9126,0.9999999999999996,0.9999999999999994,0.9999999999999992,0.9999999999999992,0.9999999999999996,0.9999999999999996,0.9999999999999996,1.0,0.9999999999999992
190,0.95,1.0,1.0,1.0,1.0,1.0,1.0,1.0,1.0,1.0,1.0,1.0,1.0,1.0,1.0,1.0,1.0,1.0,1.0,0.9999,0.9998,0.9999,0.9991,0.9983,0.9964,0.9935,0.991,0.9859,0.9798,0.9658,0.9569,0.9421,0.9295,0.9999999999999996,0.9999999999999994,0.9999999999999992,0.9999999999999992,0.9999999999999996,0.9999999999999996,0.9999999999999996,1.0,0.9999999999999992
191,0.955,1.0,1.0,1.0,1.0,1.0,1.0,1.0,1.0,1.0,1.0,1.0,1.0,1.0,1.0,1.0,1.0,1.0,1.0,1.0,0.9999,1.0,0.9994,0.9988,0.998,0.9958,0.9933,0.9892,0.9842,0.9752,0.9694,0.9561,0.9456,0.9999999999999996,0.9999999999999994,0.9999999999999992,0.9999999999999992,0.9999999999999996,0.9999999999999996,0.9999999999999996,1.0,0.9999999999999992
192,0.96,1.0,1.0,1.0,1.0,1.0,1.0,1.0,1.0,1.0,1.0,1.0,1.0,1.0,1.0,1.0,1.0,1.0,1.0,1.0,0.9999,1.0,0.9996,0.9992,0.9989,0.9974,0.9955,0.9933,0.9893,0.9827,0.9811,0.9701,0.9618,0.9999999999999996,0.9999999999999994,0.9999999999999992,0.9999999999999992,0.9999999999999996,0.9999999999999996,0.9999999999999996,1.0,0.9999999999999992
193,0.965,1.0,1.0,1.0,1.0,1.0,1.0,1.0,1.0,1.0,1.0,1.0,1.0,1.0,1.0,1.0,1.0,1.0,1.0,1.0,0.9999,1.0,0.9997,0.9996,0.9995,0.9984,0.9972,0.9961,0.993,0.9881,0.9873,0.98,0.9729,0.9999999999999996,0.9999999999999994,0.9999999999999992,0.9999999999999992,0.9999999999999996,0.9999999999999996,0.9999999999999996,1.0,0.9999999999999992
194,0.97,1.0,1.0,1.0,1.0,1.0,1.0,1.0,1.0,1.0,1.0,1.0,1.0,1.0,1.0,1.0,1.0,1.0,1.0,1.0,1.0,1.0,0.9998,0.9997,0.9998,0.9992,0.9985,0.9975,0.9959,0.9926,0.9922,0.9865,0.9805,0.9999999999999996,0.9999999999999994,0.9999999999999992,0.9999999999999992,0.9999999999999996,0.9999999999999996,0.9999999999999996,1.0,0.9999999999999992
195,0.975,1.0,1.0,1.0,1.0,1.0,1.0,1.0,1.0,1.0,1.0,1.0,1.0,1.0,1.0,1.0,1.0,1.0,1.0,1.0,1.0,1.0,0.9999,1.0,0.9999,0.9997,0.9995,0.9989,0.9981,0.9957,0.9954,0.9915,0.9884,0.9999999999999996,0.9999999999999994,0.9999999999999992,0.9999999999999992,0.9999999999999996,0.9999999999999996,0.9999999999999996,1.0,0.9999999999999992
196,0.98,1.0,1.0,1.0,1.0,1.0,1.0,1.0,1.0,1.0,1.0,1.0,1.0,1.0,1.0,1.0,1.0,1.0,1.0,1.0,1.0,1.0,0.9999,1.0,1.0,0.9997,0.9998,0.9992,0.9986,0.9976,0.9971,0.9958,0.9944,0.9999999999999996,0.9999999999999994,0.9999999999999992,0.9999999999999992,0.9999999999999996,0.9999999999999996,0.9999999999999996,1.0,0.9999999999999992
197,0.985,1.0,1.0,1.0,1.0,1.0,1.0,1.0,1.0,1.0,1.0,1.0,1.0,1.0,1.0,1.0,1.0,1.0,1.0,1.0,1.0,1.0,1.0,1.0,1.0,0.9999,1.0,0.9999,0.9991,0.9987,0.9988,0.9985,0.9969,0.9999999999999996,0.9999999999999994,0.9999999999999992,0.9999999999999992,0.9999999999999996,0.9999999999999996,0.9999999999999996,1.0,0.9999999999999992
198,0.99,1.0,1.0,1.0,1.0,1.0,1.0,1.0,1.0,1.0,1.0,1.0,1.0,1.0,1.0,1.0,1.0,1.0,1.0,1.0,1.0,1.0,1.0,1.0,1.0,1.0,1.0,1.0,0.9999,0.9997,0.9995,0.9993,0.9988,0.9999999999999996,0.9999999999999994,0.9999999999999992,0.9999999999999992,0.9999999999999996,0.9999999999999996,0.9999999999999996,1.0,0.9999999999999992
199,0.995,1.0,1.0,1.0,1.0,1.0,1.0,1.0,1.0,1.0,1.0,1.0,1.0,1.0,1.0,1.0,1.0,1.0,1.0,1.0,1.0,1.0,1.0,1.0,1.0,1.0,1.0,1.0,1.0,1.0,0.9998,0.9999,0.9999,0.9999999999999996,0.9999999999999994,0.9999999999999992,0.9999999999999992,0.9999999999999996,0.9999999999999996,0.9999999999999996,1.0,0.9999999999999992
200,1.0,1.0,1.0,1.0,1.0,1.0,1.0,1.0,1.0,1.0,1.0,1.0,1.0,1.0,1.0,1.0,1.0,1.0,1.0,1.0,1.0,1.0,1.0,1.0,1.0,1.0,1.0,1.0,1.0,1.0,1.0,1.0,1.0,0.9999999999999996,0.9999999999999994,0.9999999999999992,0.9999999999999992,0.9999999999999996,0.9999999999999996,0.9999999999999996,1.0,0.9999999999999992
